"","Package","LibPath","Version","Priority","Depends","Imports","LinkingTo","Suggests","Enhances","License","License_is_FOSS","License_restricts_use","OS_type","MD5sum","NeedsCompilation","Built"
"abind","abind","/exports/chss/eddie/ppls/groups/Moorehdmlab/Andrew/library","1.4-7",NA,"R (>= 1.5.0)","methods, utils",NA,NA,NA,"MIT + file LICENSE",NA,NA,NA,NA,"no","4.1.0"
"askpass","askpass","/exports/chss/eddie/ppls/groups/Moorehdmlab/Andrew/library","1.1",NA,NA,"sys (>= 2.1)",NA,"testthat",NA,"MIT + file LICENSE",NA,NA,NA,NA,"yes","4.1.0"
"assertthat","assertthat","/exports/chss/eddie/ppls/groups/Moorehdmlab/Andrew/library","0.2.1",NA,NA,"tools",NA,"testthat, covr",NA,"GPL-3",NA,NA,NA,NA,"no","4.1.0"
"backports","backports","/exports/chss/eddie/ppls/groups/Moorehdmlab/Andrew/library","1.3.0",NA,"R (>= 3.0.0)",NA,NA,NA,NA,"GPL-2 | GPL-3",NA,NA,NA,NA,"yes","4.1.0"
"base64enc","base64enc","/exports/chss/eddie/ppls/groups/Moorehdmlab/Andrew/library","0.1-3",NA,"R (>= 2.9.0)",NA,NA,NA,"png","GPL-2 | GPL-3",NA,NA,NA,NA,"yes","4.1.0"
"BayesFactor","BayesFactor","/exports/chss/eddie/ppls/groups/Moorehdmlab/Andrew/library","0.9.12-4.2",NA,"R (>= 3.2.0), coda, Matrix (>= 1.1-1)","pbapply, mvtnorm, stringr, utils, graphics, gtools,
MatrixModels, Rcpp (>= 0.11.2), methods, hypergeo","Rcpp (>= 0.11.2), RcppEigen (>= 0.3.2.2.0)","doMC, foreach, testthat, knitr, markdown, arm, lme4, xtable,
languageR",NA,"GPL-2",NA,NA,NA,NA,"yes","4.1.0"
"bayesplot","bayesplot","/exports/chss/eddie/ppls/groups/Moorehdmlab/Andrew/library","1.8.1",NA,"R (>= 3.1.0)","dplyr (>= 0.8.0), ggplot2 (>= 3.0.0), ggridges, glue,
reshape2, rlang (>= 0.3.0), stats, tibble, tidyselect, utils",NA,"ggfortify, gridExtra (>= 2.2.1), hexbin, knitr (>= 1.16), loo
(>= 2.0.0), RColorBrewer, rmarkdown (>= 1.0.0), rstan (>=
2.17.1), rstanarm (>= 2.17.4), rstantools (>= 1.5.0), scales,
shinystan (>= 2.3.0), survival, testthat (>= 2.0.0), vdiffr",NA,"GPL (>= 3)",NA,NA,NA,NA,"no","4.1.0"
"bayestestR","bayestestR","/exports/chss/eddie/ppls/groups/Moorehdmlab/Andrew/library","0.11.5",NA,"R (>= 3.4)","insight (>= 0.14.1), datawizard (>= 0.2.0), methods, stats,
utils",NA,"BayesFactor, bayesQR, blavaan, bridgesampling, brms, dplyr,
effectsize, emmeans, GGally, ggdist, ggplot2, ggridges, httr,
KernSmooth, knitr, lavaan, lme4, logspline, MASS, mclust,
mediation, modelbased, parameters, performance, rmarkdown,
rstan, rstanarm, see, spelling, stringr, testthat, tidyr,
tweedie",NA,"GPL-3",NA,NA,NA,NA,"no","4.1.0"
"BH","BH","/exports/chss/eddie/ppls/groups/Moorehdmlab/Andrew/library","1.75.0-0",NA,NA,NA,NA,NA,NA,"BSL-1.0",NA,NA,NA,NA,"no","4.1.0"
"bit","bit","/exports/chss/eddie/ppls/groups/Moorehdmlab/Andrew/library","4.0.4",NA,"R (>= 2.9.2)",NA,NA,"testthat (>= 0.11.0), roxygen2, knitr, rmarkdown,
microbenchmark, bit64 (>= 4.0.0), ff (>= 4.0.0)",NA,"GPL-2 | GPL-3",NA,NA,NA,NA,"yes","4.1.0"
"bit64","bit64","/exports/chss/eddie/ppls/groups/Moorehdmlab/Andrew/library","4.0.5",NA,"R (>= 3.0.1), bit (>= 4.0.0), utils, methods, stats",NA,NA,NA,NA,"GPL-2 | GPL-3",NA,NA,NA,NA,"yes","4.1.0"
"bitops","bitops","/exports/chss/eddie/ppls/groups/Moorehdmlab/Andrew/library","1.0-7",NA,NA,NA,NA,NA,NA,"GPL (>= 2)",NA,NA,NA,NA,"yes","4.1.0"
"blob","blob","/exports/chss/eddie/ppls/groups/Moorehdmlab/Andrew/library","1.2.2",NA,NA,"methods, rlang, vctrs (>= 0.2.1)",NA,"covr, crayon, pillar (>= 1.2.1), testthat",NA,"MIT + file LICENSE",NA,NA,NA,NA,"no","4.1.0"
"bookdown","bookdown","/exports/chss/eddie/ppls/groups/Moorehdmlab/Andrew/library","0.24",NA,NA,"htmltools (>= 0.3.6), knitr (>= 1.31), rmarkdown (>= 2.9),
jquerylib, xfun (>= 0.22), tinytex (>= 0.12), yaml (>= 2.1.19)",NA,"bslib (>= 0.2.4), downlit (>= 0.2.1), htmlwidgets, jsonlite,
rstudioapi, miniUI, rsconnect (>= 0.4.3), servr (>= 0.13),
shiny, tibble, testit (>= 0.9), tufte, xml2, webshot, testthat
(>= 3.0.0), withr (>= 2.3.0)",NA,"GPL-3",NA,NA,NA,NA,"no","4.1.0"
"boot","boot","/exports/chss/eddie/ppls/groups/Moorehdmlab/Andrew/library","1.3-28","recommended","R (>= 3.0.0), graphics, stats",NA,NA,"MASS, survival",NA,"Unlimited",NA,NA,NA,NA,"no","4.1.0"
"brew","brew","/exports/chss/eddie/ppls/groups/Moorehdmlab/Andrew/library","1.0-6",NA,NA,NA,NA,NA,NA,"GPL-2",NA,NA,NA,NA,NA,"4.1.0"
"bridgesampling","bridgesampling","/exports/chss/eddie/ppls/groups/Moorehdmlab/Andrew/library","1.1-2",NA,"R (>= 3.0.0)","mvtnorm, Matrix, Brobdingnag, stringr, coda, parallel, scales,
utils, methods",NA,"testthat, Rcpp, RcppEigen, R2jags, rjags, runjags, knitr,
rmarkdown, R.rsp, BayesFactor, rstan, rstanarm, nimble,
MCMCpack",NA,"GPL (>= 2)",NA,NA,NA,NA,"no","4.1.0"
"brio","brio","/exports/chss/eddie/ppls/groups/Moorehdmlab/Andrew/library","1.1.2",NA,NA,NA,NA,"testthat (>= 2.1.0), covr",NA,"MIT + file LICENSE",NA,NA,NA,NA,"yes","4.1.0"
"brms","brms","/exports/chss/eddie/ppls/groups/Moorehdmlab/Andrew/library","2.16.2",NA,"R (>= 3.5.0), Rcpp (>= 0.12.0), methods","rstan (>= 2.19.2), ggplot2 (>= 2.0.0), loo (>= 2.3.1),
posterior (>= 1.0.0), Matrix (>= 1.1.1), mgcv (>= 1.8-13),
rstantools (>= 2.1.1), bayesplot (>= 1.5.0), shinystan (>=
2.4.0), bridgesampling (>= 0.3-0), glue (>= 1.3.0), future (>=
1.19.0), matrixStats, nleqslv, nlme, coda, abind, stats, utils,
parallel, grDevices, backports",NA,"testthat (>= 0.9.1), emmeans (>= 1.4.2), cmdstanr (>= 0.4.0),
projpred (>= 2.0.0), RWiener, rtdists, mice, spdep, mnormt,
lme4, MCMCglmm, splines2, ape, arm, statmod, digest, diffobj,
R.rsp, gtable, shiny, knitr, rmarkdown",NA,"GPL-2",NA,NA,NA,NA,"no","4.1.0"
"Brobdingnag","Brobdingnag","/exports/chss/eddie/ppls/groups/Moorehdmlab/Andrew/library","1.2-6",NA,"R (>= 2.13.0), methods",NA,NA,NA,NA,"GPL",NA,NA,NA,NA,"no","4.1.0"
"broom","broom","/exports/chss/eddie/ppls/groups/Moorehdmlab/Andrew/library","0.7.10",NA,"R (>= 3.1)","backports, dplyr (>= 1.0.0), ellipsis, generics (>= 0.0.2),
glue, methods, purrr, rlang, stringr, tibble (>= 3.0.0), tidyr
(>= 1.0.0), ggplot2",NA,"AER, akima, AUC, bbmle, betareg, biglm, binGroup, boot,
btergm, car, caret, cluster, cmprsk, coda, covr, drc, e1071,
emmeans, epiR, ergm (>= 3.10.4), fixest (>= 0.9.0), gam (>=
1.15), gee, geepack, glmnet, glmnetUtils, gmm, Hmisc, irlba,
joineRML, Kendall, knitr, ks, Lahman, lavaan, leaps, lfe,
lm.beta, lme4, lmodel2, lmtest (>= 0.9.38), lsmeans, maps,
maptools, margins, MASS, Matrix, mclust, mediation, metafor,
mfx, mgcv, mlogit, modeldata, modeltests, muhaz, multcomp,
network, nnet, orcutt (>= 2.2), ordinal, plm, poLCA, psych,
quantreg, rgeos, rmarkdown, robust, robustbase, rsample,
sandwich, sp, spdep (>= 1.1), spatialreg, speedglm, spelling,
survey, survival, systemfit, testthat (>= 2.1.0), tseries,
vars, zoo",NA,"MIT + file LICENSE",NA,NA,NA,NA,"no","4.1.0"
"bslib","bslib","/exports/chss/eddie/ppls/groups/Moorehdmlab/Andrew/library","0.3.1",NA,"R (>= 2.10)","grDevices, htmltools (>= 0.5.2), jsonlite, sass (>= 0.4.0),
jquerylib (>= 0.1.3), rlang",NA,"shiny (>= 1.6.0), rmarkdown (>= 2.7), thematic, knitr,
testthat, withr, rappdirs, curl, magrittr",NA,"MIT + file LICENSE",NA,NA,NA,NA,"no","4.1.0"
"cachem","cachem","/exports/chss/eddie/ppls/groups/Moorehdmlab/Andrew/library","1.0.6",NA,NA,"rlang, fastmap",NA,"testthat",NA,"MIT + file LICENSE",NA,NA,NA,NA,"yes","4.1.0"
"callr","callr","/exports/chss/eddie/ppls/groups/Moorehdmlab/Andrew/library","3.7.0",NA,NA,"processx (>= 3.5.0), R6, utils",NA,"cli, covr, ps, rprojroot, spelling, testthat, withr (>=
2.3.0)",NA,"MIT + file LICENSE",NA,NA,NA,NA,"no","4.1.0"
"car","car","/exports/chss/eddie/ppls/groups/Moorehdmlab/Andrew/library","3.0-12",NA,"R (>= 3.5.0), carData (>= 3.0-0)","abind, MASS, mgcv, nnet, pbkrtest (>= 0.4-4), quantreg,
grDevices, utils, stats, graphics, maptools, lme4 (>=
1.1-27.1), nlme",NA,"alr4, boot, coxme, effects, knitr, leaps, lmtest, Matrix,
MatrixModels, rgl (>= 0.93.960), rio, sandwich, SparseM,
survival, survey",NA,"GPL (>= 2)",NA,NA,NA,NA,"no","4.1.0"
"carData","carData","/exports/chss/eddie/ppls/groups/Moorehdmlab/Andrew/library","3.0-4",NA,"R (>= 3.5.0)",NA,NA,NA,NA,"GPL (>= 2)",NA,NA,NA,NA,"no","4.1.0"
"cellranger","cellranger","/exports/chss/eddie/ppls/groups/Moorehdmlab/Andrew/library","1.1.0",NA,"R (>= 3.0.0)","rematch, tibble",NA,"covr, testthat (>= 1.0.0), knitr, rmarkdown",NA,"MIT + file LICENSE",NA,NA,NA,NA,"no","4.1.0"
"checkmate","checkmate","/exports/chss/eddie/ppls/groups/Moorehdmlab/Andrew/library","2.0.0",NA,"R (>= 3.0.0)","backports (>= 1.1.0), utils",NA,"R6, fastmatch, data.table (>= 1.9.8), devtools, ggplot2,
knitr, magrittr, microbenchmark, rmarkdown, testthat (>=
0.11.0), tinytest (>= 1.1.0), tibble",NA,"BSD_3_clause + file LICENSE",NA,NA,NA,NA,"yes","4.1.0"
"class","class","/exports/chss/eddie/ppls/groups/Moorehdmlab/Andrew/library","7.3-19","recommended","R (>= 3.0.0), stats, utils","MASS",NA,NA,NA,"GPL-2 | GPL-3",NA,NA,NA,NA,"yes","4.1.0"
"cli","cli","/exports/chss/eddie/ppls/groups/Moorehdmlab/Andrew/library","3.1.0",NA,"R (>= 2.10)","glue, utils",NA,"asciicast, callr, covr, grDevices, htmltools, htmlwidgets,
knitr, methods, mockery, processx, ps (>= 1.3.4.9000), rlang,
rmarkdown, rstudioapi, shiny, testthat, tibble, whoami, withr",NA,"MIT + file LICENSE",NA,NA,NA,NA,"yes","4.1.0"
"clipr","clipr","/exports/chss/eddie/ppls/groups/Moorehdmlab/Andrew/library","0.7.1",NA,NA,"utils",NA,"covr, knitr, rmarkdown, rstudioapi (>= 0.5), testthat (>=
2.0.0)",NA,"GPL-3",NA,NA,NA,NA,"no","4.1.0"
"cluster","cluster","/exports/chss/eddie/ppls/groups/Moorehdmlab/Andrew/library","2.1.2","recommended","R (>= 3.4.0)","graphics, grDevices, stats, utils",NA,"MASS, Matrix",NA,"GPL (>= 2)",NA,NA,NA,NA,"yes","4.1.0"
"cmdstanr","cmdstanr","/exports/chss/eddie/ppls/groups/Moorehdmlab/Andrew/library","0.4.0.9000",NA,NA,"checkmate, data.table, jsonlite (>= 1.2.0), posterior (>=
1.1.0), processx (>= 3.5.0), R6 (>= 2.4.0)",NA,"bayesplot, knitr, loo (>= 2.0.0), rlang (>= 0.4.7),
rmarkdown, testthat (>= 2.1.0)",NA,"BSD_3_clause + file LICENSE",NA,NA,NA,NA,"no","4.1.0"
"coda","coda","/exports/chss/eddie/ppls/groups/Moorehdmlab/Andrew/library","0.19-4",NA,"R (>= 2.14.0)","lattice",NA,NA,NA,"GPL (>= 2)",NA,NA,NA,NA,"no","4.1.0"
"codetools","codetools","/exports/chss/eddie/ppls/groups/Moorehdmlab/Andrew/library","0.2-18","recommended","R (>= 2.1)",NA,NA,NA,NA,"GPL",NA,NA,NA,NA,"no","4.1.0"
"collections","collections","/exports/chss/eddie/ppls/groups/Moorehdmlab/Andrew/library","0.3.5",NA,NA,NA,NA,"covr (>= 3.4.0), testthat (>= 2.3.1)",NA,"MIT + file LICENSE",NA,NA,NA,NA,"yes","4.1.0"
"colorspace","colorspace","/exports/chss/eddie/ppls/groups/Moorehdmlab/Andrew/library","2.0-2",NA,"R (>= 3.0.0), methods","graphics, grDevices, stats",NA,"datasets, utils, KernSmooth, MASS, kernlab, mvtnorm, vcd,
tcltk, shiny, shinyjs, ggplot2, dplyr, scales, grid, png, jpeg,
knitr, rmarkdown, RColorBrewer, rcartocolor, scico, viridis,
wesanderson",NA,"BSD_3_clause + file LICENSE",NA,NA,NA,NA,"yes","4.1.0"
"colourpicker","colourpicker","/exports/chss/eddie/ppls/groups/Moorehdmlab/Andrew/library","1.1.1",NA,"R (>= 3.1.0)","ggplot2, htmltools, htmlwidgets (>= 0.7), jsonlite, miniUI (>=
0.1.1), shiny (>= 0.11.1), shinyjs (>= 2.0.0), utils",NA,"knitr (>= 1.7), rmarkdown, rstudioapi (>= 0.5),
shinydisconnect",NA,"MIT + file LICENSE",NA,NA,NA,NA,"no","4.1.0"
"commonmark","commonmark","/exports/chss/eddie/ppls/groups/Moorehdmlab/Andrew/library","1.7",NA,NA,NA,NA,"curl, testthat, xml2",NA,"BSD_2_clause + file LICENSE",NA,NA,NA,NA,"yes","4.1.0"
"conquer","conquer","/exports/chss/eddie/ppls/groups/Moorehdmlab/Andrew/library","1.2.1",NA,"R (>= 3.5.0)","Rcpp (>= 1.0.3), Matrix, matrixStats, stats, caret","Rcpp, RcppArmadillo (>= 0.9.850.1.0)",NA,NA,"GPL-3",NA,NA,NA,NA,"yes","4.1.0"
"contfrac","contfrac","/exports/chss/eddie/ppls/groups/Moorehdmlab/Andrew/library","1.1-12",NA,NA,NA,NA,NA,NA,"GPL-2",NA,NA,NA,NA,"yes","4.1.0"
"corrplot","corrplot","/exports/chss/eddie/ppls/groups/Moorehdmlab/Andrew/library","0.90",NA,NA,NA,NA,"seriation, knitr, RColorBrewer, rmarkdown, magrittr,
prettydoc, testthat",NA,"MIT + file LICENSE",NA,NA,NA,NA,"no","4.1.0"
"covr","covr","/exports/chss/eddie/ppls/groups/Moorehdmlab/Andrew/library","3.5.1",NA,"R (>= 3.1.0), methods","digest, stats, utils, jsonlite, rex, httr, crayon, withr (>=
1.0.2), yaml",NA,"R6, curl, knitr, rmarkdown, htmltools, DT (>= 0.2), testthat,
rlang, rstudioapi (>= 0.2), xml2 (>= 1.0.0), parallel, memoise,
mockery",NA,"GPL-3",NA,NA,NA,NA,"yes","4.1.0"
"cowplot","cowplot","/exports/chss/eddie/ppls/groups/Moorehdmlab/Andrew/library","1.1.1",NA,"R (>= 3.5.0)","ggplot2 (> 2.2.1), grid, gtable, grDevices, methods, rlang,
scales",NA,"Cairo, covr, dplyr, forcats, gridGraphics (>= 0.4-0), knitr,
lattice, magick, maps, PASWR, patchwork, rmarkdown, ragg,
testthat (>= 1.0.0), tidyr, vdiffr (>= 0.3.0), VennDiagram",NA,"GPL-2",NA,NA,NA,NA,"no","4.1.0"
"cpp11","cpp11","/exports/chss/eddie/ppls/groups/Moorehdmlab/Andrew/library","0.4.1",NA,NA,NA,NA,"bench, brio, callr, cli, covr, decor, desc, ggplot2, glue,
knitr, lobstr, mockery, progress, rmarkdown, scales, Rcpp,
testthat, tibble, utils, vctrs, withr",NA,"MIT + file LICENSE",NA,NA,NA,NA,"no","4.1.0"
"crayon","crayon","/exports/chss/eddie/ppls/groups/Moorehdmlab/Andrew/library","1.4.2",NA,NA,"grDevices, methods, utils",NA,"mockery, rstudioapi, testthat, withr",NA,"MIT + file LICENSE",NA,NA,NA,NA,"no","4.1.0"
"crosstalk","crosstalk","/exports/chss/eddie/ppls/groups/Moorehdmlab/Andrew/library","1.2.0",NA,NA,"htmltools (>= 0.3.6), jsonlite, lazyeval, R6",NA,"shiny, ggplot2, testthat (>= 2.1.0), sass, bslib",NA,"MIT + file LICENSE",NA,NA,NA,NA,"no","4.1.0"
"curl","curl","/exports/chss/eddie/ppls/groups/Moorehdmlab/Andrew/library","4.3.2",NA,"R (>= 3.0.0)",NA,NA,"spelling, testthat (>= 1.0.0), knitr, jsonlite, rmarkdown,
magrittr, httpuv (>= 1.4.4), webutils",NA,"MIT + file LICENSE",NA,NA,NA,NA,"yes","4.1.0"
"cyclocomp","cyclocomp","/exports/chss/eddie/ppls/groups/Moorehdmlab/Andrew/library","1.1.0",NA,NA,"callr, crayon, desc, remotes, withr",NA,"testthat",NA,"MIT + file LICENSE",NA,NA,NA,NA,"no","4.1.0"
"data.table","data.table","/exports/chss/eddie/ppls/groups/Moorehdmlab/Andrew/library","1.14.2",NA,"R (>= 3.1.0)","methods",NA,"bit64 (>= 4.0.0), bit (>= 4.0.4), curl, R.utils, xts,
nanotime, zoo (>= 1.8-1), yaml, knitr, rmarkdown",NA,"MPL-2.0 | file LICENSE",NA,NA,NA,NA,"yes","4.1.0"
"datawizard","datawizard","/exports/chss/eddie/ppls/groups/Moorehdmlab/Andrew/library","0.2.1",NA,"R (>= 3.4)","insight (>= 0.14.4), stats, utils",NA,"bayestestR, knitr, boot, dplyr, effectsize, gamm4, ggplot2,
lfe, lme4, MASS, modelbased, parameters, performance, psych,
rstanarm, see, spelling, testthat (>= 3.0.0), tidyr, rmarkdown",NA,"GPL-3",NA,NA,NA,NA,"no","4.1.0"
"DBI","DBI","/exports/chss/eddie/ppls/groups/Moorehdmlab/Andrew/library","1.1.1",NA,"methods, R (>= 3.0.0)",NA,NA,"blob, covr, dbplyr, dplyr, glue, hms, knitr, magrittr,
rmarkdown, rprojroot, RMariaDB, RSQLite (>= 1.1-2), testthat,
xml2",NA,"LGPL (>= 2.1)",NA,NA,NA,NA,"no","4.1.0"
"dbplyr","dbplyr","/exports/chss/eddie/ppls/groups/Moorehdmlab/Andrew/library","2.1.1",NA,"R (>= 3.1)","assertthat (>= 0.2.0), blob (>= 1.2.0), DBI (>= 1.0.0), dplyr
(>= 1.0.4), ellipsis, glue (>= 1.2.0), lifecycle (>= 1.0.0),
magrittr, methods, purrr (>= 0.2.5), R6 (>= 2.2.2), rlang (>=
0.2.0), tibble (>= 1.4.2), tidyselect (>= 0.2.4), utils, vctrs,
withr",NA,"bit64, covr, knitr, Lahman, nycflights13, odbc, RMariaDB (>=
1.0.2), rmarkdown, RPostgres (>= 1.1.3), RPostgreSQL, RSQLite
(>= 2.1.0), testthat (>= 3.0.2), tidyr",NA,"MIT + file LICENSE",NA,NA,NA,NA,"no","4.1.0"
"desc","desc","/exports/chss/eddie/ppls/groups/Moorehdmlab/Andrew/library","1.4.0",NA,"R (>= 3.1.0)","utils, R6, crayon, rprojroot",NA,"covr, testthat, whoami, withr, spelling, gh",NA,"MIT + file LICENSE",NA,NA,NA,NA,"no","4.1.0"
"deSolve","deSolve","/exports/chss/eddie/ppls/groups/Moorehdmlab/Andrew/library","1.30",NA,"R (>= 3.3.0)","methods, graphics, grDevices, stats",NA,"scatterplot3d, FME",NA,"GPL (>= 2)",NA,NA,NA,NA,"yes","4.1.0"
"devtools","devtools","/exports/chss/eddie/ppls/groups/Moorehdmlab/Andrew/library","2.4.2",NA,"R (>= 3.0.2), usethis (>= 2.0.1)","callr (>= 3.6.0), cli (>= 2.4.0), desc (>= 1.3.0), ellipsis
(>= 0.3.1), fs (>= 1.5.0), httr (>= 1.4.2), lifecycle (>=
1.0.0), memoise (>= 2.0.0), pkgbuild (>= 1.2.0), pkgload (>=
1.2.1), rcmdcheck (>= 1.3.3), remotes (>= 2.3.0), rlang (>=
0.4.10), roxygen2 (>= 7.1.1), rstudioapi (>= 0.13), rversions
(>= 2.0.2), sessioninfo (>= 1.1.1), stats, testthat (>= 3.0.2),
tools, utils, withr (>= 2.4.1)",NA,"BiocManager (>= 1.30.12), covr (>= 3.5.1), curl (>= 4.3),
digest (>= 0.6.27), DT (>= 0.17), foghorn (>= 1.3.2), gh (>=
1.2.1), gmailr (>= 1.0.0), knitr (>= 1.31), lintr (>= 2.0.1),
MASS, mockery (>= 0.4.2), pingr (>= 2.0.1), pkgdown (>= 1.6.1),
rhub (>= 1.1.1), rmarkdown (>= 2.7), spelling (>= 2.2)",NA,"MIT + file LICENSE",NA,NA,NA,NA,"no","4.1.0"
"DiagrammeR","DiagrammeR","/exports/chss/eddie/ppls/groups/Moorehdmlab/Andrew/library","1.0.6.1",NA,"R (>= 3.2.0)","dplyr (>= 0.7.6), downloader (>= 0.4), glue (>= 1.3.0),
htmltools (>= 0.3.6), htmlwidgets (>= 1.2), igraph (>= 1.2.2),
influenceR (>= 0.1.0), magrittr (>= 1.5), purrr (>= 0.2.5),
RColorBrewer (>= 1.1-2), readr (>= 1.1.1), rlang (>= 0.2.2),
rstudioapi (>= 0.7), scales (>= 1.0.0), stringr (>= 1.3.1),
tibble (>= 1.4.2), tidyr (>= 0.8.1), viridis (>= 0.5.1),
visNetwork (>= 2.0.4)",NA,"covr, DiagrammeRsvg, rsvg, knitr, testthat, rmarkdown",NA,"MIT + file LICENSE",NA,NA,NA,NA,"no","4.1.0"
"diffobj","diffobj","/exports/chss/eddie/ppls/groups/Moorehdmlab/Andrew/library","0.3.5",NA,"R (>= 3.1.0)","crayon (>= 1.3.2), tools, methods, utils, stats",NA,"knitr, rmarkdown",NA,"GPL-2 | GPL-3",NA,NA,NA,NA,"yes","4.1.0"
"digest","digest","/exports/chss/eddie/ppls/groups/Moorehdmlab/Andrew/library","0.6.28",NA,"R (>= 3.3.0)","utils",NA,"tinytest, knitr, rmarkdown, minidown",NA,"GPL (>= 2)",NA,NA,NA,NA,"yes","4.1.0"
"distributional","distributional","/exports/chss/eddie/ppls/groups/Moorehdmlab/Andrew/library","0.2.2",NA,NA,"vctrs (>= 0.3.0), rlang (>= 0.4.5), generics, ellipsis, stats,
numDeriv, ggplot2, scales, farver, digest, utils, lifecycle",NA,"testthat (>= 2.1.0), covr, mvtnorm, actuar, ggdist",NA,"GPL-3",NA,NA,NA,NA,"no","4.1.0"
"downloader","downloader","/exports/chss/eddie/ppls/groups/Moorehdmlab/Andrew/library","0.4",NA,NA,"utils, digest",NA,"testthat",NA,"GPL-2",NA,NA,NA,NA,"no","4.1.0"
"dplyr","dplyr","/exports/chss/eddie/ppls/groups/Moorehdmlab/Andrew/library","1.0.7",NA,"R (>= 3.3.0)","ellipsis, generics, glue (>= 1.3.2), lifecycle (>= 1.0.0),
magrittr (>= 1.5), methods, R6, rlang (>= 0.4.10), tibble (>=
2.1.3), tidyselect (>= 1.1.0), utils, vctrs (>= 0.3.5), pillar
(>= 1.5.1)",NA,"bench, broom, callr, covr, DBI, dbplyr (>= 1.4.3), knitr,
Lahman, lobstr, microbenchmark, nycflights13, purrr, rmarkdown,
RMySQL, RPostgreSQL, RSQLite, testthat (>= 3.0.2), tidyr, withr",NA,"MIT + file LICENSE",NA,NA,NA,NA,"yes","4.1.0"
"DT","DT","/exports/chss/eddie/ppls/groups/Moorehdmlab/Andrew/library","0.19",NA,NA,"htmltools (>= 0.3.6), htmlwidgets (>= 1.3), jsonlite (>=
0.9.16), magrittr, crosstalk, jquerylib, promises",NA,"knitr (>= 1.8), rmarkdown, shiny (>= 1.6), bslib, testit",NA,"GPL-3 | file LICENSE",NA,NA,NA,NA,"no","4.1.0"
"dtplyr","dtplyr","/exports/chss/eddie/ppls/groups/Moorehdmlab/Andrew/library","1.1.0",NA,"R (>= 3.3)","crayon, data.table (>= 1.12.4), dplyr (>= 1.0.3), ellipsis,
glue, lifecycle, rlang, tibble, tidyselect, vctrs",NA,"bench, covr, knitr, rmarkdown, testthat (>= 3.0.0), tidyr (>=
1.1.0)",NA,"MIT + file LICENSE",NA,NA,NA,NA,"no","4.1.0"
"dygraphs","dygraphs","/exports/chss/eddie/ppls/groups/Moorehdmlab/Andrew/library","1.1.1.6",NA,"R (>= 3.0)","magrittr, htmlwidgets (>= 0.6), htmltools (>= 0.3.5), zoo (>=
1.7-10), xts (>= 0.9-7)",NA,"testthat","rmarkdown (>= 0.3.3), shiny (>= 0.10.2.1)","MIT + file LICENSE",NA,NA,NA,NA,"no","4.1.0"
"e1071","e1071","/exports/chss/eddie/ppls/groups/Moorehdmlab/Andrew/library","1.7-9",NA,NA,"graphics, grDevices, class, stats, methods, utils, proxy",NA,"cluster, mlbench, nnet, randomForest, rpart, SparseM, xtable,
Matrix, MASS, slam",NA,"GPL-2 | GPL-3",NA,NA,NA,NA,"yes","4.1.0"
"effectsize","effectsize","/exports/chss/eddie/ppls/groups/Moorehdmlab/Andrew/library","0.5",NA,"R (>= 3.4)","bayestestR (>= 0.10.5), insight (>= 0.14.3), parameters (>=
0.14.0), performance (>= 0.8.0), datawizard (>= 0.2.0), stats,
utils",NA,"correlation (>= 0.6.1), see (>= 0.6.4), afex, BayesFactor,
boot, brms, car, covr, emmeans, gamm4, knitr, lavaan, lm.beta,
lme4, lmerTest, MASS, mediation, mgcv, pscl, rmarkdown, rms,
rstanarm, rstantools, spelling, testthat, tidymodels",NA,"GPL-3",NA,NA,NA,NA,"no","4.1.0"
"ellipsis","ellipsis","/exports/chss/eddie/ppls/groups/Moorehdmlab/Andrew/library","0.3.2",NA,"R (>= 3.2)","rlang (>= 0.3.0)",NA,"covr, testthat",NA,"MIT + file LICENSE",NA,NA,NA,NA,"yes","4.1.0"
"elliptic","elliptic","/exports/chss/eddie/ppls/groups/Moorehdmlab/Andrew/library","1.4-0",NA,"R (>= 2.5.0)","MASS",NA,"emulator, calibrator (>= 1.2-8)",NA,"GPL-2",NA,NA,NA,NA,"no","4.1.0"
"emmeans","emmeans","/exports/chss/eddie/ppls/groups/Moorehdmlab/Andrew/library","1.7.0",NA,"R (>= 3.5.0)","estimability (>= 1.3), graphics, methods, numDeriv, stats,
utils, mvtnorm, xtable (>= 1.8-2)",NA,"bayesplot, bayestestR, biglm, brms, car, coda (>= 0.17),
ggplot2, lattice, logspline, mediation, mgcv, multcomp,
multcompView, nlme, ordinal (>= 2014.11-12), pbkrtest (>=
0.4-1), lme4, lmerTest (>= 2.0.32), MASS, MuMIn, rsm, knitr,
rmarkdown, scales, splines, testthat","CARBayes, coxme, gee, geepack, MCMCglmm, MCMCpack, mice,
nnet, pscl, rstanarm, sommer, survival","GPL-2 | GPL-3",NA,NA,NA,NA,"no","4.1.0"
"estimability","estimability","/exports/chss/eddie/ppls/groups/Moorehdmlab/Andrew/library","1.3",NA,"stats",NA,NA,NA,NA,"GPL (>= 3)",NA,NA,NA,NA,"no","4.1.0"
"evaluate","evaluate","/exports/chss/eddie/ppls/groups/Moorehdmlab/Andrew/library","0.14",NA,"R (>= 3.0.2)","methods",NA,"testthat, lattice, ggplot2",NA,"MIT + file LICENSE",NA,NA,NA,NA,"no","4.1.0"
"fansi","fansi","/exports/chss/eddie/ppls/groups/Moorehdmlab/Andrew/library","0.5.0",NA,"R (>= 3.1.0)","grDevices, utils",NA,"unitizer, knitr, rmarkdown",NA,"GPL (>= 2)",NA,NA,NA,NA,"yes","4.1.0"
"farver","farver","/exports/chss/eddie/ppls/groups/Moorehdmlab/Andrew/library","2.1.0",NA,NA,NA,NA,"testthat (>= 2.1.0), covr",NA,"MIT + file LICENSE",NA,NA,NA,NA,"yes","4.1.0"
"fastmap","fastmap","/exports/chss/eddie/ppls/groups/Moorehdmlab/Andrew/library","1.1.0",NA,NA,NA,NA,"testthat (>= 2.1.1)",NA,"MIT + file LICENSE",NA,NA,NA,NA,"yes","4.1.0"
"fontawesome","fontawesome","/exports/chss/eddie/ppls/groups/Moorehdmlab/Andrew/library","0.2.2",NA,"R (>= 3.3.0)","rlang (>= 0.4.10), htmltools (>= 0.5.1.1)",NA,"covr, knitr, testthat, rsvg",NA,"MIT + file LICENSE",NA,NA,NA,NA,"no","4.1.0"
"forcats","forcats","/exports/chss/eddie/ppls/groups/Moorehdmlab/Andrew/library","0.5.1",NA,"R (>= 3.2)","ellipsis, magrittr, rlang, tibble",NA,"covr, dplyr, ggplot2, knitr, readr, rmarkdown, testthat",NA,"MIT + file LICENSE",NA,NA,NA,NA,"no","4.1.0"
"foreach","foreach","/exports/chss/eddie/ppls/groups/Moorehdmlab/Andrew/library","1.5.1",NA,"R (>= 2.5.0)","codetools, utils, iterators",NA,"randomForest, doMC, doParallel, testthat, knitr, rmarkdown",NA,"Apache License (== 2.0)",NA,NA,NA,NA,"no","4.1.0"
"foreign","foreign","/exports/chss/eddie/ppls/groups/Moorehdmlab/Andrew/library","0.8-81","recommended","R (>= 4.0.0)","methods, utils, stats",NA,NA,NA,"GPL (>= 2)",NA,NA,NA,NA,"yes","4.1.0"
"fs","fs","/exports/chss/eddie/ppls/groups/Moorehdmlab/Andrew/library","1.5.0",NA,"R (>= 3.1)","methods",NA,"testthat, covr, pillar (>= 1.0.0), tibble (>= 1.1.0), crayon,
rmarkdown, knitr, withr, spelling, vctrs (>= 0.3.0)",NA,"GPL-3",NA,NA,NA,NA,"yes","4.1.0"
"future","future","/exports/chss/eddie/ppls/groups/Moorehdmlab/Andrew/library","1.23.0",NA,NA,"digest, globals (>= 0.14.0), listenv (>= 0.8.0), parallel,
parallelly (>= 1.26.1), tools, utils",NA,"RhpcBLASctl, R.rsp, markdown",NA,"LGPL (>= 2.1)",NA,NA,NA,NA,"no","4.1.0"
"future.apply","future.apply","/exports/chss/eddie/ppls/groups/Moorehdmlab/Andrew/library","1.8.1",NA,"R (>= 3.2.0), future (>= 1.21.0)","globals (>= 0.14.0), parallel, utils",NA,"datasets, stats, tools, listenv (>= 0.8.0), R.rsp, markdown",NA,"GPL (>= 2)",NA,NA,NA,NA,"no","4.1.0"
"gamm4","gamm4","/exports/chss/eddie/ppls/groups/Moorehdmlab/Andrew/library","0.2-6",NA,"R (>= 2.9.0), methods, Matrix, lme4 (>= 1.0), mgcv (>= 1.7-23)",NA,NA,NA,NA,"GPL (>= 2)",NA,NA,NA,NA,"no","4.1.0"
"gargle","gargle","/exports/chss/eddie/ppls/groups/Moorehdmlab/Andrew/library","1.2.0",NA,"R (>= 3.3)","cli (>= 3.0.0), fs (>= 1.3.1), glue (>= 1.3.0), httr (>=
1.4.0), jsonlite, rappdirs, rlang (>= 0.4.9), rstudioapi,
stats, utils, withr",NA,"aws.ec2metadata, aws.signature, covr, httpuv, knitr, mockr,
rmarkdown, sodium, spelling, testthat (>= 3.0.0)",NA,"MIT + file LICENSE",NA,NA,NA,NA,"no","4.1.0"
"generics","generics","/exports/chss/eddie/ppls/groups/Moorehdmlab/Andrew/library","0.1.1",NA,"R (>= 3.2)","methods",NA,"covr, pkgload, testthat (>= 3.0.0), tibble, withr",NA,"MIT + file LICENSE",NA,NA,NA,NA,"no","4.1.0"
"gert","gert","/exports/chss/eddie/ppls/groups/Moorehdmlab/Andrew/library","1.4.2",NA,NA,"askpass, credentials (>= 1.2.1), openssl (>= 1.4.1),
rstudioapi (>= 0.11), sys, zip (>= 2.1.0)",NA,"spelling, knitr, rmarkdown, testthat",NA,"MIT + file LICENSE",NA,NA,NA,NA,"yes","4.1.0"
"GGally","GGally","/exports/chss/eddie/ppls/groups/Moorehdmlab/Andrew/library","2.1.2",NA,"R (>= 3.1), ggplot2 (>= 3.3.4)","dplyr (>= 1.0.0), forcats, grDevices, grid, gtable (>= 0.2.0),
lifecycle, plyr (>= 1.8.3), progress, RColorBrewer, reshape (>=
0.8.5), rlang, scales (>= 1.1.0), tidyr, utils",NA,"broom (>= 0.7.0), broom.helpers (>= 1.1.0), chemometrics,
geosphere (>= 1.5-1), ggforce, Hmisc, igraph (>= 1.0.1),
intergraph (>= 2.0-2), labelled, maps (>= 3.1.0), mapproj,
nnet, network (>= 1.17.1), scagnostics, sna (>= 2.3-2),
survival, rmarkdown, roxygen2, testthat, crosstalk, knitr,
spelling, emmeans",NA,"GPL (>= 2.0)",NA,NA,NA,NA,"no","4.1.0"
"ggcorrplot","ggcorrplot","/exports/chss/eddie/ppls/groups/Moorehdmlab/Andrew/library","0.1.3",NA,"ggplot2","reshape2, stats",NA,"knitr, spelling",NA,"GPL-2",NA,NA,NA,NA,"no","4.1.0"
"ggeffects","ggeffects","/exports/chss/eddie/ppls/groups/Moorehdmlab/Andrew/library","1.1.1",NA,"R (>= 3.4)","graphics, insight (>= 0.13.0), MASS, sjlabelled (>= 1.1.2),
stats",NA,"AER, aod, betareg, brms, clubSandwich, effects (>= 4.1-2),
emmeans (>= 1.4.1), gam, gamlss, gamm4, gee, geepack, ggplot2,
GLMMadaptive, glmmTMB (>= 1.0.0), gridExtra, haven, httr,
knitr, lme4, logistf, magrittr, margins, Matrix, mice,
MCMCglmm, mgcv, nlme, ordinal, parameters, prediction, pscl,
quantreg, rmarkdown, rms, robustbase, rstanarm, rstantools,
sandwich, see, sjstats, sjmisc (>= 2.8.2), survey, survival,
testthat, VGAM",NA,"GPL-3",NA,NA,NA,NA,"no","4.1.0"
"gghighlight","gghighlight","/exports/chss/eddie/ppls/groups/Moorehdmlab/Andrew/library","0.3.2",NA,"ggplot2 (>= 3.0.0), R (>= 3.2.0)","dplyr (>= 1.0.0), ggrepel, lifecycle, purrr, rlang, tibble",NA,"knitr, rmarkdown, sf, testthat, vdiffr (>= 0.3.0)",NA,"MIT + file LICENSE",NA,NA,NA,NA,"no","4.1.0"
"ggmcmc","ggmcmc","/exports/chss/eddie/ppls/groups/Moorehdmlab/Andrew/library","1.5.1.1",NA,"R (>= 3.5), dplyr (>= 1.0.0), tidyr (>= 1.1.0), ggplot2","GGally (>= 1.1.0)",NA,"coda, knitr, rmarkdown, ggthemes, gridExtra, Cairo, extrafont",NA,"GPL-2",NA,NA,NA,NA,"no","4.1.0"
"ggplot2","ggplot2","/exports/chss/eddie/ppls/groups/Moorehdmlab/Andrew/library","3.3.5",NA,"R (>= 3.3)","digest, glue, grDevices, grid, gtable (>= 0.1.1), isoband,
MASS, mgcv, rlang (>= 0.4.10), scales (>= 0.5.0), stats,
tibble, withr (>= 2.0.0)",NA,"covr, ragg, dplyr, ggplot2movies, hexbin, Hmisc, interp,
knitr, lattice, mapproj, maps, maptools, multcomp, munsell,
nlme, profvis, quantreg, RColorBrewer, rgeos, rmarkdown, rpart,
sf (>= 0.7-3), svglite (>= 1.2.0.9001), testthat (>= 2.1.0),
vdiffr (>= 1.0.0), xml2","sp","MIT + file LICENSE",NA,NA,NA,NA,"no","4.1.0"
"ggprism","ggprism","/exports/chss/eddie/ppls/groups/Moorehdmlab/Andrew/library","1.0.3",NA,"R (>= 3.2)","digest, ggplot2 (>= 3.2.0), glue, grid, gtable (>= 0.1.1),
rlang (>= 0.3.0), scales (>= 0.5.0), stats, tibble, utils",NA,"covr, dplyr, ggbeeswarm, ggnewscale, knitr, magrittr,
patchwork, rmarkdown, rstatix, tidyr, tinytest",NA,"GPL (>= 3.0)",NA,NA,NA,NA,"no","4.1.0"
"ggpubr","ggpubr","/exports/chss/eddie/ppls/groups/Moorehdmlab/Andrew/library","0.4.0",NA,"R (>= 3.1.0), ggplot2","ggrepel, grid, ggsci, stats, utils, tidyr, purrr, dplyr (>=
0.7.1), cowplot, ggsignif, scales, gridExtra, glue, polynom,
rlang, rstatix (>= 0.6.0), tibble, magrittr",NA,"grDevices, knitr, RColorBrewer, gtable",NA,"GPL-2",NA,NA,NA,NA,"no","4.1.0"
"ggrepel","ggrepel","/exports/chss/eddie/ppls/groups/Moorehdmlab/Andrew/library","0.9.1",NA,"R (>= 3.0.0), ggplot2 (>= 2.2.0)","grid, Rcpp, rlang (>= 0.3.0), scales (>= 0.5.0)","Rcpp","knitr, rmarkdown, testthat, gridExtra, devtools, prettydoc,
ggbeeswarm, dplyr, magrittr, readr, stringr",NA,"GPL-3 | file LICENSE",NA,NA,NA,NA,"yes","4.1.0"
"ggridges","ggridges","/exports/chss/eddie/ppls/groups/Moorehdmlab/Andrew/library","0.5.3",NA,"R (>= 3.2)","ggplot2 (>= 3.0.0), grid (>= 3.0.0), plyr (>= 1.8.0), scales
(>= 0.4.1), withr (>= 2.1.1)",NA,"covr, dplyr, patchwork, ggplot2movies, forcats, knitr,
rmarkdown, testthat, vdiffr",NA,"GPL-2 | file LICENSE",NA,NA,NA,NA,"no","4.1.0"
"ggsci","ggsci","/exports/chss/eddie/ppls/groups/Moorehdmlab/Andrew/library","2.9",NA,"R (>= 3.0.2)","grDevices, scales, ggplot2 (>= 2.0.0)",NA,"knitr, rmarkdown, gridExtra, reshape2",NA,"GPL-3 | file LICENSE",NA,NA,NA,NA,"no","4.1.0"
"ggsignif","ggsignif","/exports/chss/eddie/ppls/groups/Moorehdmlab/Andrew/library","0.6.3",NA,NA,"ggplot2 (>= 3.3.5)",NA,"knitr, rmarkdown, spelling, testthat, vdiffr (>= 1.0.2)",NA,"GPL-3 | file LICENSE",NA,NA,NA,NA,"no","4.1.0"
"ggtext","ggtext","/exports/chss/eddie/ppls/groups/Moorehdmlab/Andrew/library","0.1.1",NA,"R (>= 3.5)","ggplot2 (>= 3.3.0), grid, gridtext, rlang, scales",NA,"cowplot, dplyr, glue, knitr, rmarkdown, testthat, vdiffr",NA,"GPL-2",NA,NA,NA,NA,"no","4.1.0"
"ggthemes","ggthemes","/exports/chss/eddie/ppls/groups/Moorehdmlab/Andrew/library","4.2.4",NA,"R (>= 3.3.0)","ggplot2 (>= 3.0.0), graphics, grid, methods, purrr, scales,
stringr, tibble",NA,"dplyr, covr, extrafont, glue, knitr, lattice, lintr, maps,
mapproj, pander, rlang, rmarkdown, spelling, testthat, tidyr,
vdiffr, withr",NA,"GPL-2",NA,NA,NA,NA,"no","4.1.0"
"gh","gh","/exports/chss/eddie/ppls/groups/Moorehdmlab/Andrew/library","1.3.0",NA,NA,"cli (>= 2.0.1), gitcreds, httr (>= 1.2), ini, jsonlite",NA,"covr, knitr, mockery, rmarkdown, rprojroot, spelling,
testthat (>= 2.3.2), withr",NA,"MIT + file LICENSE",NA,NA,NA,NA,"no","4.1.0"
"gitcreds","gitcreds","/exports/chss/eddie/ppls/groups/Moorehdmlab/Andrew/library","0.1.1",NA,NA,NA,NA,"codetools, testthat, knitr, mockery, oskeyring, rmarkdown,
withr",NA,"MIT + file LICENSE",NA,NA,NA,NA,"no","4.1.0"
"globals","globals","/exports/chss/eddie/ppls/groups/Moorehdmlab/Andrew/library","0.14.0",NA,"R (>= 3.1.2)","codetools",NA,NA,NA,"LGPL (>= 2.1)",NA,NA,NA,NA,"no","4.1.0"
"glue","glue","/exports/chss/eddie/ppls/groups/Moorehdmlab/Andrew/library","1.5.0",NA,"R (>= 3.2)","methods",NA,"covr, crayon, DBI, dplyr, forcats, ggplot2, knitr, magrittr,
microbenchmark, R.utils, rmarkdown, rprintf, RSQLite, stringr,
testthat, vctrs (>= 0.3.0), waldo, withr",NA,"MIT + file LICENSE",NA,NA,NA,NA,"yes","4.1.0"
"googlesheets4","googlesheets4","/exports/chss/eddie/ppls/groups/Moorehdmlab/Andrew/library","1.0.0",NA,"R (>= 3.3)","cellranger, cli (>= 3.0.0), curl, gargle (>= 1.2.0), glue (>=
1.3.0), googledrive (>= 2.0.0), httr, ids, magrittr, methods,
purrr, rematch2, rlang (>= 0.4.11), tibble (>= 2.1.1), utils,
vctrs (>= 0.2.3)",NA,"covr, readr, rmarkdown, sodium, spelling, testthat (>=
3.0.0), withr",NA,"MIT + file LICENSE",NA,NA,NA,NA,"no","4.1.0"
"gower","gower","/exports/chss/eddie/ppls/groups/Moorehdmlab/Andrew/library","0.2.2",NA,NA,NA,NA,"tinytest (>= 0.9.3),",NA,"GPL-3",NA,NA,NA,NA,"yes","4.1.0"
"gridExtra","gridExtra","/exports/chss/eddie/ppls/groups/Moorehdmlab/Andrew/library","2.3",NA,NA,"gtable, grid, grDevices, graphics, utils",NA,"ggplot2, egg, lattice, knitr, testthat",NA,"GPL (>= 2)",NA,NA,NA,NA,"no","4.1.0"
"gridtext","gridtext","/exports/chss/eddie/ppls/groups/Moorehdmlab/Andrew/library","0.1.4",NA,"R (>= 3.5)","grid, grDevices, markdown, rlang, Rcpp, RCurl, png, jpeg,
stringr, xml2","Rcpp","covr, knitr, rmarkdown, testthat, vdiffr",NA,"MIT + file LICENSE",NA,NA,NA,NA,"yes","4.1.0"
"gtable","gtable","/exports/chss/eddie/ppls/groups/Moorehdmlab/Andrew/library","0.3.0",NA,"R (>= 3.0)","grid",NA,"covr, testthat, knitr, rmarkdown, ggplot2, profvis",NA,"GPL-2",NA,NA,NA,NA,"no","4.1.0"
"gtools","gtools","/exports/chss/eddie/ppls/groups/Moorehdmlab/Andrew/library","3.9.2",NA,"methods, stats, utils",NA,NA,"car, gplots, knitr, rstudioapi, SGP, taxize",NA,"GPL-2",NA,NA,NA,NA,"yes","4.1.0"
"haven","haven","/exports/chss/eddie/ppls/groups/Moorehdmlab/Andrew/library","2.4.3",NA,"R (>= 3.2)","forcats (>= 0.2.0), hms, methods, readr (>= 0.1.0), rlang (>=
0.4.0), tibble, tidyselect, vctrs (>= 0.3.0)","cpp11","cli, covr, crayon, fs, knitr, pillar (>= 1.4.0), rmarkdown,
testthat (>= 3.0.0)",NA,"MIT + file LICENSE",NA,NA,NA,NA,"yes","4.1.0"
"highr","highr","/exports/chss/eddie/ppls/groups/Moorehdmlab/Andrew/library","0.9",NA,"R (>= 3.2.3)","xfun (>= 0.18)",NA,"knitr, markdown, testit",NA,"GPL",NA,NA,NA,NA,"no","4.1.0"
"hms","hms","/exports/chss/eddie/ppls/groups/Moorehdmlab/Andrew/library","1.1.1",NA,NA,"ellipsis (>= 0.3.2), lifecycle, methods, pkgconfig, rlang,
vctrs (>= 0.3.8)",NA,"crayon, lubridate, pillar (>= 1.1.0), testthat (>= 3.0.0)",NA,"MIT + file LICENSE",NA,NA,NA,NA,"no","4.1.0"
"htmltools","htmltools","/exports/chss/eddie/ppls/groups/Moorehdmlab/Andrew/library","0.5.2",NA,"R (>= 2.14.1)","utils, digest, grDevices, base64enc, rlang (>= 0.4.10),
fastmap",NA,"markdown, testthat, withr, Cairo, ragg, shiny","knitr","GPL (>= 2)",NA,NA,NA,NA,"yes","4.1.0"
"htmlwidgets","htmlwidgets","/exports/chss/eddie/ppls/groups/Moorehdmlab/Andrew/library","1.5.4",NA,NA,"grDevices, htmltools (>= 0.3), jsonlite (>= 0.9.16), yaml",NA,"knitr (>= 1.8), rmarkdown, testthat","shiny (>= 1.1)","MIT + file LICENSE",NA,NA,NA,NA,"no","4.1.0"
"httpuv","httpuv","/exports/chss/eddie/ppls/groups/Moorehdmlab/Andrew/library","1.6.3",NA,"R (>= 2.15.1)","Rcpp (>= 1.0.7), utils, R6, promises, later (>= 0.8.0)","Rcpp, later","testthat, callr, curl, websocket",NA,"GPL (>= 2) | file LICENSE",NA,NA,NA,NA,"yes","4.1.0"
"httr","httr","/exports/chss/eddie/ppls/groups/Moorehdmlab/Andrew/library","1.4.2",NA,"R (>= 3.2)","curl (>= 3.0.0), jsonlite, mime, openssl (>= 0.8), R6",NA,"covr, httpuv, jpeg, knitr, png, readr, rmarkdown, testthat
(>= 0.8.0), xml2",NA,"MIT + file LICENSE",NA,NA,NA,NA,"no","4.1.0"
"hypergeo","hypergeo","/exports/chss/eddie/ppls/groups/Moorehdmlab/Andrew/library","1.2-13",NA,"R (>= 3.1.0),","elliptic (>= 1.3-5), contfrac (>= 1.1-9), deSolve",NA,NA,NA,"GPL-2",NA,NA,NA,NA,"no","4.1.0"
"ids","ids","/exports/chss/eddie/ppls/groups/Moorehdmlab/Andrew/library","1.0.1",NA,NA,"openssl, uuid",NA,"knitr, rcorpora, rmarkdown, testthat",NA,"MIT + file LICENSE",NA,NA,NA,NA,"no","4.1.0"
"igraph","igraph","/exports/chss/eddie/ppls/groups/Moorehdmlab/Andrew/library","1.2.8",NA,"methods","graphics, grDevices, magrittr, Matrix, pkgconfig (>= 2.0.0),
stats, utils",NA,"ape, graph, igraphdata, rgl, scales, stats4, tcltk, testthat,
withr, digest",NA,"GPL (>= 2)",NA,NA,NA,NA,"yes","4.1.0"
"influenceR","influenceR","/exports/chss/eddie/ppls/groups/Moorehdmlab/Andrew/library","0.1.0.1",NA,"R (>= 3.2.0)","igraph (>= 1.0.1), Matrix (>= 1.1-4), methods, utils",NA,"testthat",NA,"GPL-2",NA,NA,NA,NA,"yes","4.1.0"
"ini","ini","/exports/chss/eddie/ppls/groups/Moorehdmlab/Andrew/library","0.3.1",NA,NA,NA,NA,"testthat",NA,"GPL-3",NA,NA,NA,NA,"no","4.1.0"
"inline","inline","/exports/chss/eddie/ppls/groups/Moorehdmlab/Andrew/library","0.3.19",NA,NA,"methods",NA,"Rcpp (>= 0.11.0), tinytest",NA,"LGPL",NA,NA,NA,NA,"no","4.1.0"
"insight","insight","/exports/chss/eddie/ppls/groups/Moorehdmlab/Andrew/library","0.14.5",NA,"R (>= 3.4)","methods, stats, utils",NA,"AER, afex, aod, BayesFactor, bayestestR, bbmle, bdsmatrix,
betareg, bife, biglm, blavaan, blme, boot, brms, censReg, cgam,
clubSandwich, coxme, cplm, crch, dplyr, effectsize, emmeans,
epiR, estimatr, feisr, fixest, fungible, gam, gamlss, gamm4,
gbm, gee, geepack, GLMMadaptive, glmmTMB, gmnl, gt, httr,
ivreg, JM, knitr, lavaan, lfe, lme4, lmtest, logistf, MASS,
Matrix, mclust, MCMCglmm, merTools, metaBMA, mgcv, mice,
mlogit, multgee, nlme, nnet, nonnest2, ordinal, panelr,
parameters, parsnip, performance, plm, pscl, psych, quantreg,
rmarkdown, rms, robustbase, robustlmm, rstanarm (>= 2.21.1),
rstantools, rstudioapi, sandwich, speedglm, spelling, splines,
statmod, survey, survival, testthat, tripack, truncreg, VGAM",NA,"GPL-3",NA,NA,NA,NA,"no","4.1.0"
"ipred","ipred","/exports/chss/eddie/ppls/groups/Moorehdmlab/Andrew/library","0.9-12",NA,"R (>= 2.10)","rpart (>= 3.1-8), MASS, survival, nnet, class, prodlim",NA,"mvtnorm, mlbench, TH.data, randomForest, party",NA,"GPL (>= 2)",NA,NA,NA,NA,"yes","4.1.0"
"isoband","isoband","/exports/chss/eddie/ppls/groups/Moorehdmlab/Andrew/library","0.2.5",NA,NA,"grid, utils",NA,"covr, ggplot2, knitr, magick, microbenchmark, rmarkdown, sf,
testthat, xml2",NA,"MIT + file LICENSE",NA,NA,NA,NA,"yes","4.1.0"
"iterators","iterators","/exports/chss/eddie/ppls/groups/Moorehdmlab/Andrew/library","1.0.13",NA,"R (>= 2.5.0), utils",NA,NA,"RUnit, foreach",NA,"Apache License (== 2.0)",NA,NA,NA,NA,"no","4.1.0"
"jpeg","jpeg","/exports/chss/eddie/ppls/groups/Moorehdmlab/Andrew/library","0.1-9",NA,"R (>= 2.9.0)",NA,NA,NA,NA,"GPL-2 | GPL-3",NA,NA,NA,NA,"yes","4.1.0"
"jquerylib","jquerylib","/exports/chss/eddie/ppls/groups/Moorehdmlab/Andrew/library","0.1.4",NA,NA,"htmltools",NA,"testthat",NA,"MIT + file LICENSE",NA,NA,NA,NA,"no","4.1.0"
"jsonlite","jsonlite","/exports/chss/eddie/ppls/groups/Moorehdmlab/Andrew/library","1.7.2",NA,"methods",NA,NA,"httr, curl, plyr, testthat, knitr, rmarkdown, R.rsp, sf",NA,"MIT + file LICENSE",NA,NA,NA,NA,"yes","4.1.0"
"kableExtra","kableExtra","/exports/chss/eddie/ppls/groups/Moorehdmlab/Andrew/library","1.3.4",NA,"R (>= 3.1.0)","knitr (>= 1.16), magrittr, stringr (>= 1.0), xml2 (>= 1.1.1),
rvest, rmarkdown (>= 1.6.0), scales, viridisLite, stats,
grDevices, htmltools, rstudioapi, glue, tools, webshot, digest,
graphics, svglite",NA,"testthat, magick, formattable, sparkline",NA,"MIT + file LICENSE",NA,NA,NA,NA,"no","4.1.0"
"KernSmooth","KernSmooth","/exports/chss/eddie/ppls/groups/Moorehdmlab/Andrew/library","2.23-20","recommended","R (>= 2.5.0), stats",NA,NA,"MASS, carData",NA,"Unlimited",NA,NA,NA,NA,"yes","4.1.0"
"knitr","knitr","/exports/chss/eddie/ppls/groups/Moorehdmlab/Andrew/library","1.36",NA,"R (>= 3.2.3)","evaluate (>= 0.10), highr, methods, stringr (>= 0.6), yaml (>=
2.1.19), xfun (>= 0.21), tools",NA,"markdown, formatR, testit, digest, rgl (>= 0.95.1201),
codetools, rmarkdown, htmlwidgets (>= 0.7), webshot, tikzDevice
(>= 0.10), tinytex, reticulate (>= 1.4), JuliaCall (>= 0.11.1),
magick, png, jpeg, gifski, xml2 (>= 1.2.0), httr, DBI (>=
0.4-1), showtext, tibble, sass, bslib, ragg, styler (>= 1.2.0),
targets (>= 0.6.0)",NA,"GPL",NA,NA,NA,NA,"no","4.1.0"
"koRpus","koRpus","/exports/chss/eddie/ppls/groups/Moorehdmlab/Andrew/library","0.13-8",NA,"R (>= 3.0.0),sylly (>= 0.1-6)","data.table,methods,Matrix",NA,"testthat,tm,SnowballC,shiny,knitr,rmarkdown,koRpus.lang.de,koRpus.lang.en,koRpus.lang.es,koRpus.lang.fr,koRpus.lang.it,koRpus.lang.nl,koRpus.lang.pt,koRpus.lang.ru","rkward","GPL (>= 3)",NA,NA,NA,NA,"no","4.1.0"
"koRpus.lang.en","koRpus.lang.en","/exports/chss/eddie/ppls/groups/Moorehdmlab/Andrew/library","0.1-4",NA,"R (>= 3.1),koRpus (>= 0.11-2)","methods,sylly.en",NA,NA,NA,"GPL (>= 3)",NA,NA,NA,NA,"no","4.1.0"
"labeling","labeling","/exports/chss/eddie/ppls/groups/Moorehdmlab/Andrew/library","0.4.2",NA,NA,"stats, graphics",NA,NA,NA,"MIT + file LICENSE | Unlimited",NA,NA,NA,NA,"no","4.1.0"
"languageserver","languageserver","/exports/chss/eddie/ppls/groups/Moorehdmlab/Andrew/library","0.3.12",NA,"R (>= 3.4.0)","callr (>= 3.0.0), collections (>= 0.3.0), fs (>= 1.3.1),
jsonlite (>= 1.6), lintr (>= 2.0.1), parallel, R6 (>= 2.4.1),
roxygen2 (>= 7.0.0), stringi (>= 1.1.7), styler (>= 1.5.1),
tools, utils, xml2 (>= 1.2.2), xmlparsedata (>= 1.0.3)",NA,"covr (>= 3.4.0), magrittr (>= 1.5), mockery (>= 0.4.2),
processx (>= 3.4.1), purrr (>= 0.3.3), testthat (>= 2.1.0),
withr (>= 2.3.0), rmarkdown (>= 2.0)",NA,"MIT + file LICENSE",NA,NA,NA,NA,"yes","4.1.0"
"later","later","/exports/chss/eddie/ppls/groups/Moorehdmlab/Andrew/library","1.3.0",NA,NA,"Rcpp (>= 0.12.9), rlang","Rcpp","knitr, rmarkdown, testthat (>= 2.1.0)",NA,"MIT + file LICENSE",NA,NA,NA,NA,"yes","4.1.0"
"lava","lava","/exports/chss/eddie/ppls/groups/Moorehdmlab/Andrew/library","1.6.10",NA,"R (>= 3.0)","future.apply, progressr, grDevices, graphics, methods,
numDeriv, stats, survival, SQUAREM, utils",NA,"KernSmooth, Matrix, Rgraphviz, data.table, ellipse, fields,
geepack, gof (>= 0.9), graph, knitr, bookdown, rmarkdown,
igraph (>= 0.6), lava.tobit (>= 0.4.7), lavaSearch2, lme4,
magrittr, mets (>= 1.1), nlme, optimx, polycor, quantreg, rgl,
R.rsp (>= 0.40), testthat (>= 0.11), visNetwork, zoo",NA,"GPL-3",NA,NA,NA,NA,"no","4.1.0"
"lazyeval","lazyeval","/exports/chss/eddie/ppls/groups/Moorehdmlab/Andrew/library","0.2.2",NA,"R (>= 3.1.0)",NA,NA,"knitr, rmarkdown (>= 0.2.65), testthat, covr",NA,"GPL-3",NA,NA,NA,NA,"yes","4.1.0"
"lifecycle","lifecycle","/exports/chss/eddie/ppls/groups/Moorehdmlab/Andrew/library","1.0.1",NA,"R (>= 3.3)","glue, rlang (>= 0.4.10)",NA,"covr, crayon, lintr, tidyverse, knitr, rmarkdown, testthat
(>= 3.0.1), tools, tibble, vctrs",NA,"MIT + file LICENSE",NA,NA,NA,NA,"no","4.1.0"
"lintr","lintr","/exports/chss/eddie/ppls/groups/Moorehdmlab/Andrew/library","2.0.1",NA,"R (>= 3.2)","rex, crayon, codetools, cyclocomp, testthat (>= 2.2.1),
digest, rstudioapi (>= 0.2), httr (>= 1.2.1), jsonlite, knitr,
stats, utils, xml2 (>= 1.0.0), xmlparsedata (>= 1.0.3)",NA,"rmarkdown, mockery",NA,"MIT + file LICENSE",NA,NA,NA,NA,"no","4.1.0"
"listenv","listenv","/exports/chss/eddie/ppls/groups/Moorehdmlab/Andrew/library","0.8.0",NA,"R (>= 3.1.2)",NA,NA,"R.utils, R.rsp, markdown",NA,"LGPL (>= 2.1)",NA,NA,NA,NA,"no","4.1.0"
"lme4","lme4","/exports/chss/eddie/ppls/groups/Moorehdmlab/Andrew/library","1.1-27.1",NA,"R (>= 3.2.0), Matrix (>= 1.2-1), methods, stats","graphics, grid, splines, utils, parallel, MASS, lattice, boot,
nlme (>= 3.1-123), minqa (>= 1.1.15), nloptr (>= 1.0.4)","Rcpp (>= 0.10.5), RcppEigen","knitr, rmarkdown, PKPDmodels, MEMSS, testthat (>= 0.8.1),
ggplot2, mlmRev, optimx (>= 2013.8.6), gamm4, pbkrtest, HSAUR3,
numDeriv, car, dfoptim, mgcv, statmod, rr2, semEff",NA,"GPL (>= 2)",NA,NA,NA,NA,"yes","4.1.0"
"loo","loo","/exports/chss/eddie/ppls/groups/Moorehdmlab/Andrew/library","2.4.1",NA,"R (>= 3.1.2)","checkmate, matrixStats (>= 0.52), parallel, stats",NA,"bayesplot (>= 1.7.0), brms (>= 2.10.0), ggplot2, graphics,
knitr, rmarkdown, rstan, rstanarm (>= 2.19.0), rstantools,
spdep, testthat (>= 2.1.0)",NA,"GPL (>= 3)",NA,NA,NA,NA,"no","4.1.0"
"lubridate","lubridate","/exports/chss/eddie/ppls/groups/Moorehdmlab/Andrew/library","1.8.0",NA,"methods, R (>= 3.2)","generics","cpp11 (>= 0.2.7)","covr, knitr, testthat (>= 2.1.0), vctrs (>= 0.3.0), rmarkdown","chron, timeDate, tis, zoo","GPL (>= 2)",NA,NA,NA,NA,"yes","4.1.0"
"magrittr","magrittr","/exports/chss/eddie/ppls/groups/Moorehdmlab/Andrew/library","2.0.1",NA,NA,NA,NA,"covr, knitr, rlang, rmarkdown, testthat",NA,"MIT + file LICENSE",NA,NA,NA,NA,"yes","4.1.0"
"markdown","markdown","/exports/chss/eddie/ppls/groups/Moorehdmlab/Andrew/library","1.1",NA,"R (>= 2.11.1)","utils, xfun, mime (>= 0.3)",NA,"knitr, RCurl",NA,"GPL-2",NA,NA,NA,NA,"yes","4.1.0"
"MASS","MASS","/exports/chss/eddie/ppls/groups/Moorehdmlab/Andrew/library","7.3-54","recommended","R (>= 3.3.0), grDevices, graphics, stats, utils","methods",NA,"lattice, nlme, nnet, survival",NA,"GPL-2 | GPL-3",NA,NA,NA,NA,"yes","4.1.0"
"Matrix","Matrix","/exports/chss/eddie/ppls/groups/Moorehdmlab/Andrew/library","1.4-0","recommended","R (>= 3.5.0)","methods, graphics, grid, stats, utils, lattice",NA,"expm, MASS","MatrixModels, graph, SparseM, sfsmisc, igraph, maptools, sp,
spdep","GPL (>= 2) | file LICENCE",NA,NA,NA,NA,"yes","4.1.0"
"MatrixModels","MatrixModels","/exports/chss/eddie/ppls/groups/Moorehdmlab/Andrew/library","0.5-0",NA,"R (>= 3.0.1)","stats, methods, Matrix (>= 1.1-5)",NA,NA,NA,"GPL (>= 2)",NA,NA,NA,NA,"no","4.1.0"
"matrixStats","matrixStats","/exports/chss/eddie/ppls/groups/Moorehdmlab/Andrew/library","0.61.0",NA,"R (>= 2.12.0)",NA,NA,"base64enc, ggplot2, knitr, markdown, microbenchmark,
R.devices, R.rsp",NA,"Artistic-2.0",NA,NA,NA,NA,"yes","4.1.0"
"memoise","memoise","/exports/chss/eddie/ppls/groups/Moorehdmlab/Andrew/library","2.0.0",NA,NA,"rlang (>= 0.4.10), cachem",NA,"digest, aws.s3, covr, googleAuthR, googleCloudStorageR, httr,
testthat",NA,"MIT + file LICENSE",NA,NA,NA,NA,"no","4.1.0"
"mgcv","mgcv","/exports/chss/eddie/ppls/groups/Moorehdmlab/Andrew/library","1.8-38","recommended","R (>= 3.6.0), nlme (>= 3.1-64)","methods, stats, graphics, Matrix, splines, utils",NA,"parallel, survival, MASS",NA,"GPL (>= 2)",NA,NA,NA,NA,"yes","4.1.0"
"mime","mime","/exports/chss/eddie/ppls/groups/Moorehdmlab/Andrew/library","0.12",NA,NA,"tools",NA,NA,NA,"GPL",NA,NA,NA,NA,"yes","4.1.0"
"miniUI","miniUI","/exports/chss/eddie/ppls/groups/Moorehdmlab/Andrew/library","0.1.1.1",NA,NA,"shiny (>= 0.13), htmltools (>= 0.3), utils",NA,NA,NA,"GPL-3",NA,NA,NA,NA,"no","4.1.0"
"minqa","minqa","/exports/chss/eddie/ppls/groups/Moorehdmlab/Andrew/library","1.2.4",NA,NA,"Rcpp (>= 0.9.10)","Rcpp",NA,NA,"GPL-2",NA,NA,NA,NA,"yes","4.1.0"
"mnormt","mnormt","/exports/chss/eddie/ppls/groups/Moorehdmlab/Andrew/library","2.0.2",NA,"R (>= 2.2.0)","tmvnsim (>= 1.0-2)",NA,NA,NA,"GPL-2 | GPL-3",NA,NA,NA,NA,"yes","4.1.0"
"ModelMetrics","ModelMetrics","/exports/chss/eddie/ppls/groups/Moorehdmlab/Andrew/library","1.2.2.2",NA,"R (>= 3.2.2)","Rcpp, data.table","Rcpp","testthat",NA,"GPL (>= 2)",NA,NA,NA,NA,"yes","4.1.0"
"modelr","modelr","/exports/chss/eddie/ppls/groups/Moorehdmlab/Andrew/library","0.1.8",NA,"R (>= 3.2)","broom, magrittr, purrr (>= 0.2.2), rlang (>= 0.2.0), tibble,
tidyr (>= 0.8.0), tidyselect, vctrs",NA,"compiler, covr, ggplot2, testthat",NA,"GPL-3",NA,NA,NA,NA,"no","4.1.0"
"munsell","munsell","/exports/chss/eddie/ppls/groups/Moorehdmlab/Andrew/library","0.5.0",NA,NA,"colorspace, methods",NA,"ggplot2, testthat",NA,"MIT + file LICENSE",NA,NA,NA,NA,"no","4.1.0"
"mvtnorm","mvtnorm","/exports/chss/eddie/ppls/groups/Moorehdmlab/Andrew/library","1.1-3",NA,"R(>= 3.5.0)","stats, methods",NA,NA,NA,"GPL-2",NA,NA,NA,NA,"yes","4.1.0"
"nleqslv","nleqslv","/exports/chss/eddie/ppls/groups/Moorehdmlab/Andrew/library","3.3.2",NA,NA,NA,NA,NA,NA,"GPL (>= 2)",NA,NA,NA,NA,"yes","4.1.0"
"nloptr","nloptr","/exports/chss/eddie/ppls/groups/Moorehdmlab/Andrew/library","1.2.2.3",NA,NA,NA,NA,"testthat (>= 0.8.1), knitr, rmarkdown, inline (>= 0.3.14)",NA,"LGPL-3",NA,NA,NA,NA,"yes","4.1.0"
"nnet","nnet","/exports/chss/eddie/ppls/groups/Moorehdmlab/Andrew/library","7.3-16","recommended","R (>= 3.0.0), stats, utils",NA,NA,"MASS",NA,"GPL-2 | GPL-3",NA,NA,NA,NA,"yes","4.1.0"
"numDeriv","numDeriv","/exports/chss/eddie/ppls/groups/Moorehdmlab/Andrew/library","2020.2-1",NA,"R (>= 2.11.1)",NA,NA,NA,NA,"GPL-2",NA,NA,NA,NA,"no","4.1.0"
"openssl","openssl","/exports/chss/eddie/ppls/groups/Moorehdmlab/Andrew/library","1.4.5",NA,NA,"askpass",NA,"testthat (>= 2.1.0), digest, knitr, rmarkdown, jsonlite,
jose, sodium",NA,"MIT + file LICENSE",NA,NA,NA,NA,"yes","4.1.0"
"optimx","optimx","/exports/chss/eddie/ppls/groups/Moorehdmlab/Andrew/library","2021-10.12",NA,NA,"numDeriv",NA,"knitr, rmarkdown, setRNG, BB, ucminf, minqa, dfoptim,
lbfgsb3c, lbfgs, subplex",NA,"GPL-2",NA,NA,NA,NA,"no","4.1.0"
"packrat","packrat","/exports/chss/eddie/ppls/groups/Moorehdmlab/Andrew/library","0.7.0",NA,"R (>= 3.0.0)","tools, utils",NA,"testthat (>= 3.0.0), devtools, httr, knitr, rmarkdown",NA,"GPL-2",NA,NA,NA,NA,"no","4.1.0"
"papaja","papaja","/exports/chss/eddie/ppls/groups/Moorehdmlab/Andrew/library","0.1.0.9997",NA,"R (>= 3.6), tinylabels (>= 0.1.0)","base64enc, bookdown (>= 0.9.1), broom (>= 0.7.0), glue (>=
1.4.0), knitr (>= 1.26), methods, rmarkdown (>= 2.4), rmdfiltr
(>= 0.1.3), utils, yaml, zip",NA,"afex, BayesFactor, beeswarm, boot, car, dplyr, emmeans,
ggforce, ggplot2, latex2exp, MBESS, multcomp, testthat, skimr,
spelling, lme4, lmerTest, nlme, effectsize (>= 0.4.4)",NA,"MIT + file LICENSE",NA,NA,NA,NA,"no","4.1.0"
"parallelly","parallelly","/exports/chss/eddie/ppls/groups/Moorehdmlab/Andrew/library","1.28.1",NA,NA,"parallel, tools, utils",NA,NA,NA,"LGPL (>= 2.1)",NA,NA,NA,NA,"no","4.1.0"
"parameters","parameters","/exports/chss/eddie/ppls/groups/Moorehdmlab/Andrew/library","0.15.0",NA,"R (>= 3.4)","bayestestR (>= 0.11.0), datawizard (>= 0.2.1), insight (>=
0.14.4), graphics, methods, stats, utils",NA,"AER, afex, aod, BayesFactor, BayesFM, bbmle, betareg, biglm,
blme, boot, brglm2, brms, broom, cAIC4, car, cgam,
ClassDiscovery, clubSandwich, cluster, cplm, dbscan, dplyr,
drc, DRR, effectsize (>= 0.5), EGAnet (>= 0.7), emmeans (>=
1.7.0), factoextra, FactoMineR, fastICA, fpc, gam, gamlss, gee,
geepack, ggplot2, GLMMadaptive, glmmTMB, GPArotation, gt,
ivprobit, ivreg, knitr, lavaan, lavaSearch2, lfe, lm.beta,
lme4, lmerTest, logspline, lqmm, M3C, magrittr, MASS, Matrix,
mclust, MCMCglmm, mediation, metaBMA, metafor, mfx, mgcv, mice,
multcomp, MuMIn, NbClust, nFactors, nlme, nnet, openxlsx,
panelr, pbkrtest, PCDimension, performance (>= 0.8.0), plm,
PMCMRplus, PROreg, projpred, pscl, psych, pvclust, quantreg,
randomForest, rmarkdown, rstanarm, sandwich, see (>= 0.6.8),
sjstats, spelling, survey, survival, testthat, TMB, tripack,
truncreg, VGAM, WRS2",NA,"GPL-3",NA,NA,NA,NA,"no","4.1.0"
"pbapply","pbapply","/exports/chss/eddie/ppls/groups/Moorehdmlab/Andrew/library","1.5-0",NA,"R (>= 3.2.0)","parallel",NA,"shiny",NA,"GPL-2",NA,NA,NA,NA,"no","4.1.0"
"pbkrtest","pbkrtest","/exports/chss/eddie/ppls/groups/Moorehdmlab/Andrew/library","0.5.1",NA,"R (>= 3.5.0), lme4 (>= 1.1.10)","broom, dplyr, magrittr, MASS, Matrix (>= 1.2.3), methods,
numDeriv, parallel, knitr",NA,NA,NA,"GPL (>= 2)",NA,NA,NA,NA,"no","4.1.0"
"performance","performance","/exports/chss/eddie/ppls/groups/Moorehdmlab/Andrew/library","0.8.0",NA,"R (>= 3.4)","bayestestR (>= 0.9.0), insight (>= 0.14.0), datawizard (>=
0.2.0), methods, stats, utils",NA,"AER, afex, BayesFactor, betareg, bigutilsr, brms, car,
CompQuadForm, correlation, cplm, dbscan, dplyr, fixest,
forecast, gamm4, ggplot2, glmmTMB, ICS, ICSOutlier, ISLR,
lavaan, lme4, lmtest, loo, magrittr, MASS, Matrix, mclust,
metafor, mgcv, mlogit, multimode, nlme, nonnest2, ordinal,
parallel, parameters, patchwork, pscl, psych, randomForest,
rmarkdown, rstanarm, rstantools, sandwich, see, spelling,
survey, survival, testthat, tweedie, VGAM",NA,"GPL-3",NA,NA,NA,NA,"no","4.1.0"
"pillar","pillar","/exports/chss/eddie/ppls/groups/Moorehdmlab/Andrew/library","1.6.4",NA,NA,"cli, crayon (>= 1.3.4), ellipsis (>= 0.3.2), fansi, lifecycle,
rlang (>= 0.3.0), utf8 (>= 1.1.0), utils, vctrs (>= 0.3.8)",NA,"bit64, debugme, DiagrammeR, dplyr, formattable, ggplot2,
knitr, lubridate, nycflights13, palmerpenguins, rmarkdown,
scales, stringi, survival, testthat (>= 3.0.2), tibble, units
(>= 0.7.2), withr",NA,"MIT + file LICENSE",NA,NA,NA,NA,"no","4.1.0"
"pkgbuild","pkgbuild","/exports/chss/eddie/ppls/groups/Moorehdmlab/Andrew/library","1.2.0",NA,"R (>= 3.1)","callr (>= 3.2.0), cli, crayon, desc, prettyunits, R6,
rprojroot, withr (>= 2.1.2)",NA,"Rcpp, cpp11, testthat, covr",NA,"MIT + file LICENSE",NA,NA,NA,NA,"no","4.1.0"
"pkgconfig","pkgconfig","/exports/chss/eddie/ppls/groups/Moorehdmlab/Andrew/library","2.0.3",NA,NA,"utils",NA,"covr, testthat, disposables (>= 1.0.3)",NA,"MIT + file LICENSE",NA,NA,NA,NA,"no","4.1.0"
"pkgload","pkgload","/exports/chss/eddie/ppls/groups/Moorehdmlab/Andrew/library","1.2.3",NA,NA,"cli, crayon, desc, methods, rlang, rprojroot, rstudioapi,
utils, withr",NA,"bitops, covr, pkgbuild, Rcpp, testthat",NA,"GPL-3",NA,NA,NA,NA,"no","4.1.0"
"plyr","plyr","/exports/chss/eddie/ppls/groups/Moorehdmlab/Andrew/library","1.8.6",NA,"R (>= 3.1.0)","Rcpp (>= 0.11.0)","Rcpp","abind, covr, doParallel, foreach, iterators, itertools,
tcltk, testthat",NA,"MIT + file LICENSE",NA,NA,NA,NA,"yes","4.1.0"
"png","png","/exports/chss/eddie/ppls/groups/Moorehdmlab/Andrew/library","0.1-7",NA,"R (>= 2.9.0)",NA,NA,NA,NA,"GPL-2 | GPL-3",NA,NA,NA,NA,"yes","4.1.0"
"polynom","polynom","/exports/chss/eddie/ppls/groups/Moorehdmlab/Andrew/library","1.4-0",NA,NA,"stats, graphics",NA,"knitr, rmarkdown",NA,"GPL-2",NA,NA,NA,NA,"no","4.1.0"
"posterior","posterior","/exports/chss/eddie/ppls/groups/Moorehdmlab/Andrew/library","1.1.0",NA,"R (>= 3.2.0)","abind, checkmate, rlang (>= 0.4.7), stats, tibble (>= 3.0.0),
vctrs, tensorA, pillar, distributional, parallel, matrixStats",NA,"testthat (>= 2.1.0), caret (>= 6.0.84), gbm (>= 2.1.8),
randomForest (>= 4.6.14), e1071 (>= 1.7.3), dplyr, tidyr,
knitr, rmarkdown",NA,"BSD_3_clause + file LICENSE",NA,NA,NA,NA,"no","4.1.0"
"praise","praise","/exports/chss/eddie/ppls/groups/Moorehdmlab/Andrew/library","1.0.0",NA,NA,NA,NA,"testthat",NA,"MIT + file LICENSE",NA,NA,NA,NA,"no","4.1.0"
"prettyunits","prettyunits","/exports/chss/eddie/ppls/groups/Moorehdmlab/Andrew/library","1.1.1",NA,NA,NA,NA,"codetools, covr, testthat",NA,"MIT + file LICENSE",NA,NA,NA,NA,"no","4.1.0"
"processx","processx","/exports/chss/eddie/ppls/groups/Moorehdmlab/Andrew/library","3.5.2",NA,NA,"ps (>= 1.2.0), R6, utils",NA,"callr (>= 3.2.0), cli, codetools, covr, curl, debugme,
parallel, testthat, withr",NA,"MIT + file LICENSE",NA,NA,NA,NA,"yes","4.1.0"
"prodlim","prodlim","/exports/chss/eddie/ppls/groups/Moorehdmlab/Andrew/library","2019.11.13",NA,"R (>= 2.9.0)","Rcpp (>= 0.11.5), stats, grDevices, graphics, survival,
KernSmooth, lava","Rcpp",NA,NA,"GPL (>= 2)",NA,NA,NA,NA,"yes","4.1.0"
"progress","progress","/exports/chss/eddie/ppls/groups/Moorehdmlab/Andrew/library","1.2.2",NA,NA,"hms, prettyunits, R6, crayon",NA,"Rcpp, testthat, withr",NA,"MIT + file LICENSE",NA,NA,NA,NA,"no","4.1.0"
"progressr","progressr","/exports/chss/eddie/ppls/groups/Moorehdmlab/Andrew/library","0.9.0",NA,"R (>= 3.5.0)","digest, utils",NA,"graphics, tcltk, beepr, crayon, pbmcapply, progress, purrr,
foreach, plyr, doFuture, future, future.apply, furrr,
rstudioapi, shiny, commonmark, base64enc, tools",NA,"GPL (>= 3)",NA,NA,NA,NA,"no","4.1.0"
"projpred","projpred","/exports/chss/eddie/ppls/groups/Moorehdmlab/Andrew/library","2.0.2",NA,"R (>= 3.5.0)","methods, dplyr, loo (>= 2.0.0), rstantools (>= 2.0.0), lme4,
optimx, ggplot2, Rcpp, utils, rngtools (>= 1.2.4), tidyverse,
MASS, magrittr, mgcv, gamm4","Rcpp, RcppArmadillo","rstanarm, brms, testthat, knitr, rmarkdown, glmnet, bayesplot
(>= 1.5.0)",NA,"GPL-3",NA,NA,NA,NA,"yes","4.1.0"
"promises","promises","/exports/chss/eddie/ppls/groups/Moorehdmlab/Andrew/library","1.2.0.1",NA,NA,"R6, Rcpp, later, rlang, stats, magrittr","later, Rcpp","testthat, future (>= 1.21.0), fastmap (>= 1.1.0), purrr,
knitr, rmarkdown, vembedr, spelling",NA,"MIT + file LICENSE",NA,NA,NA,NA,"yes","4.1.0"
"proxy","proxy","/exports/chss/eddie/ppls/groups/Moorehdmlab/Andrew/library","0.4-26",NA,"R (>= 3.4.0)","stats, utils",NA,"cba",NA,"GPL-2",NA,NA,NA,NA,"yes","4.1.0"
"ps","ps","/exports/chss/eddie/ppls/groups/Moorehdmlab/Andrew/library","1.6.0",NA,"R (>= 3.1)","utils",NA,"callr, covr, curl, pingr, processx (>= 3.1.0), R6, rlang,
testthat, tibble",NA,"MIT + file LICENSE",NA,NA,NA,NA,"yes","4.1.0"
"psych","psych","/exports/chss/eddie/ppls/groups/Moorehdmlab/Andrew/library","2.1.9",NA,NA,"mnormt,parallel,stats,graphics,grDevices,methods,lattice,nlme",NA,"psychTools, GPArotation, lavaan, lme4, Rcsdp, graph, knitr,
Rgraphviz",NA,"GPL (>= 2)",NA,NA,NA,NA,"no","4.1.0"
"purrr","purrr","/exports/chss/eddie/ppls/groups/Moorehdmlab/Andrew/library","0.3.4",NA,"R (>= 3.2)","magrittr (>= 1.5), rlang (>= 0.3.1)",NA,"covr, crayon, dplyr (>= 0.7.8), knitr, rmarkdown, testthat,
tibble, tidyselect",NA,"GPL-3 | file LICENSE",NA,NA,NA,NA,"yes","4.1.0"
"quantreg","quantreg","/exports/chss/eddie/ppls/groups/Moorehdmlab/Andrew/library","5.86",NA,"R (>= 2.6), stats, SparseM","methods, graphics, Matrix, MatrixModels, conquer",NA,"tripack, akima, MASS, survival, rgl, logspline, nor1mix,
Formula, zoo, R.rsp",NA,"GPL (>= 2)",NA,NA,NA,NA,"yes","4.1.0"
"R.cache","R.cache","/exports/chss/eddie/ppls/groups/Moorehdmlab/Andrew/library","0.15.0",NA,"R (>= 2.14.0)","utils, R.methodsS3 (>= 1.8.1), R.oo (>= 1.24.0), R.utils (>=
2.10.1), digest (>= 0.6.13)",NA,NA,NA,"LGPL (>= 2.1)",NA,NA,NA,NA,"no","4.1.0"
"R.methodsS3","R.methodsS3","/exports/chss/eddie/ppls/groups/Moorehdmlab/Andrew/library","1.8.1",NA,"R (>= 2.13.0)","utils",NA,"codetools",NA,"LGPL (>= 2.1)",NA,NA,NA,NA,"no","4.1.0"
"R.oo","R.oo","/exports/chss/eddie/ppls/groups/Moorehdmlab/Andrew/library","1.24.0",NA,"R (>= 2.13.0), R.methodsS3 (>= 1.8.0)","methods, utils",NA,"tools",NA,"LGPL (>= 2.1)",NA,NA,NA,NA,"no","4.1.0"
"R.utils","R.utils","/exports/chss/eddie/ppls/groups/Moorehdmlab/Andrew/library","2.11.0",NA,"R (>= 2.14.0), R.oo (>= 1.24.0)","methods, utils, tools, R.methodsS3 (>= 1.8.1)",NA,"digest (>= 0.6.10)",NA,"LGPL (>= 2.1)",NA,NA,NA,NA,"no","4.1.0"
"R6","R6","/exports/chss/eddie/ppls/groups/Moorehdmlab/Andrew/library","2.5.1",NA,"R (>= 3.0)",NA,NA,"testthat, pryr",NA,"MIT + file LICENSE",NA,NA,NA,NA,"no","4.1.0"
"rappdirs","rappdirs","/exports/chss/eddie/ppls/groups/Moorehdmlab/Andrew/library","0.3.3",NA,"R (>= 3.2)",NA,NA,"roxygen2, testthat (>= 3.0.0), covr, withr",NA,"MIT + file LICENSE",NA,NA,NA,NA,"yes","4.1.0"
"rcmdcheck","rcmdcheck","/exports/chss/eddie/ppls/groups/Moorehdmlab/Andrew/library","1.4.0",NA,NA,"callr (>= 3.1.1.9000), cli (>= 3.0.0), curl, desc (>= 1.2.0),
digest, pkgbuild, prettyunits, R6, rprojroot, sessioninfo (>=
1.1.1), utils, withr, xopen",NA,"covr, knitr, mockery, processx, ps, rmarkdown, svglite,
testthat, webfakes",NA,"MIT + file LICENSE",NA,NA,NA,NA,"no","4.1.0"
"RColorBrewer","RColorBrewer","/exports/chss/eddie/ppls/groups/Moorehdmlab/Andrew/library","1.1-2",NA,"R (>= 2.0.0)",NA,NA,NA,NA,"Apache License 2.0",NA,NA,NA,NA,"no","4.1.0"
"Rcpp","Rcpp","/exports/chss/eddie/ppls/groups/Moorehdmlab/Andrew/library","1.0.7",NA,NA,"methods, utils",NA,"tinytest, inline, rbenchmark, pkgKitten (>= 0.1.2)",NA,"GPL (>= 2)",NA,NA,NA,NA,"yes","4.1.0"
"RcppArmadillo","RcppArmadillo","/exports/chss/eddie/ppls/groups/Moorehdmlab/Andrew/library","0.10.7.0.0",NA,"R (>= 3.3.0)","Rcpp (>= 0.11.0), stats, utils, methods","Rcpp","tinytest, Matrix (>= 1.3.0), pkgKitten, reticulate, slam",NA,"GPL (>= 2)",NA,NA,NA,NA,"yes","4.1.0"
"RcppEigen","RcppEigen","/exports/chss/eddie/ppls/groups/Moorehdmlab/Andrew/library","0.3.3.9.1",NA,NA,"Matrix (>= 1.1-0), Rcpp (>= 0.11.0), stats, utils","Rcpp","inline, tinytest, pkgKitten, microbenchmark",NA,"GPL (>= 2) | file LICENSE",NA,NA,NA,NA,"yes","4.1.0"
"RcppParallel","RcppParallel","/exports/chss/eddie/ppls/groups/Moorehdmlab/Andrew/library","5.1.4",NA,"R (>= 3.0.2)",NA,NA,"Rcpp, RUnit, knitr, rmarkdown",NA,"GPL (>= 2)",NA,NA,NA,NA,"yes","4.1.0"
"RCurl","RCurl","/exports/chss/eddie/ppls/groups/Moorehdmlab/Andrew/library","1.98-1.5",NA,"R (>= 3.4.0), methods","bitops",NA,"XML",NA,"BSD_3_clause + file LICENSE",NA,NA,NA,NA,"yes","4.1.0"
"readr","readr","/exports/chss/eddie/ppls/groups/Moorehdmlab/Andrew/library","2.0.2",NA,"R (>= 3.1)","cli, clipr, crayon, hms (>= 0.4.1), methods, rlang, R6,
tibble, vroom (>= 1.5.4), utils, lifecycle (>= 0.2.0)","cpp11, tzdb (>= 0.1.1)","covr, curl, dplyr, knitr, rmarkdown, spelling, stringi,
testthat, tzdb (>= 0.1.1), waldo, withr, xml2",NA,"MIT + file LICENSE",NA,NA,NA,NA,"yes","4.1.0"
"readxl","readxl","/exports/chss/eddie/ppls/groups/Moorehdmlab/Andrew/library","1.3.1",NA,NA,"cellranger, Rcpp (>= 0.12.18), tibble (>= 1.3.1), utils","progress, Rcpp","covr, knitr, rmarkdown, rprojroot (>= 1.1), testthat",NA,"GPL-3",NA,NA,NA,NA,"yes","4.1.0"
"recipes","recipes","/exports/chss/eddie/ppls/groups/Moorehdmlab/Andrew/library","0.1.17",NA,"dplyr, R (>= 3.1)","ellipsis, generics (>= 0.1.0), glue, gower, ipred (>= 0.9-12),
lifecycle, lubridate, magrittr, Matrix, purrr (>= 0.2.3), rlang
(>= 0.4.0), stats, tibble, tidyr (>= 1.0.0), tidyselect (>=
1.1.0), timeDate, utils, vctrs, withr",NA,"covr, ddalpha, dimRed (>= 0.2.2), fastICA, ggplot2, igraph,
kernlab, knitr, modeldata, parsnip (>= 0.1.7), RANN, RcppRoll,
rmarkdown, rpart, rsample, RSpectra, testthat (>= 3.0.0),
workflows, xml2",NA,"MIT + file LICENSE",NA,NA,NA,NA,"no","4.1.0"
"rematch","rematch","/exports/chss/eddie/ppls/groups/Moorehdmlab/Andrew/library","1.0.1",NA,NA,NA,NA,"covr, testthat",NA,"MIT + file LICENSE",NA,NA,NA,NA,"no","4.1.0"
"rematch2","rematch2","/exports/chss/eddie/ppls/groups/Moorehdmlab/Andrew/library","2.1.2",NA,NA,"tibble",NA,"covr, testthat",NA,"MIT + file LICENSE",NA,NA,NA,NA,"no","4.1.0"
"remotes","remotes","/exports/chss/eddie/ppls/groups/Moorehdmlab/Andrew/library","2.4.1",NA,"R (>= 3.0.0)","methods, stats, tools, utils",NA,"brew, callr, codetools, curl, covr, git2r (>= 0.23.0), knitr,
mockery, pkgbuild (>= 1.0.1), pingr, rmarkdown, rprojroot,
testthat, webfakes, withr",NA,"MIT + file LICENSE",NA,NA,NA,NA,"no","4.1.0"
"repr","repr","/exports/chss/eddie/ppls/groups/Moorehdmlab/Andrew/library","1.1.3",NA,"R (>= 3.0.1)","utils, grDevices, htmltools, jsonlite, pillar (>= 1.4.0),
base64enc",NA,"methods, highr, Cairo, stringr, testthat (>= 3.0.0), leaflet","data.table, tibble, htmlwidgets, vegalite, plotly, geojsonio","GPL-3",NA,NA,NA,NA,"no","4.1.0"
"reprex","reprex","/exports/chss/eddie/ppls/groups/Moorehdmlab/Andrew/library","2.0.1",NA,"R (>= 3.3)","callr (>= 3.6.0), cli (>= 2.3.1), clipr (>= 0.4.0), fs, glue,
knitr (>= 1.23), rlang (>= 0.4.0), rmarkdown, rstudioapi,
utils, withr (>= 2.3.0)",NA,"covr, fortunes, miniUI, mockr, rprojroot, sessioninfo, shiny,
spelling, styler (>= 1.2.0), testthat (>= 3.0.2)",NA,"MIT + file LICENSE",NA,NA,NA,NA,"no","4.1.0"
"reshape","reshape","/exports/chss/eddie/ppls/groups/Moorehdmlab/Andrew/library","0.8.8",NA,"R (>= 2.6.1)","plyr",NA,NA,NA,"MIT + file LICENSE",NA,NA,NA,NA,"yes","4.1.0"
"reshape2","reshape2","/exports/chss/eddie/ppls/groups/Moorehdmlab/Andrew/library","1.4.4",NA,"R (>= 3.1)","plyr (>= 1.8.1), Rcpp, stringr","Rcpp","covr, lattice, testthat (>= 0.8.0)",NA,"MIT + file LICENSE",NA,NA,NA,NA,"yes","4.1.0"
"rex","rex","/exports/chss/eddie/ppls/groups/Moorehdmlab/Andrew/library","1.2.0",NA,NA,"lazyeval",NA,"testthat, knitr, rmarkdown, dplyr, ggplot2, magrittr, Hmisc,
stringr, rvest, roxygen2, covr",NA,"MIT + file LICENSE",NA,NA,NA,NA,"no","4.1.0"
"rlang","rlang","/exports/chss/eddie/ppls/groups/Moorehdmlab/Andrew/library","0.4.12",NA,"R (>= 3.3.0)","utils",NA,"cli, covr, crayon, glue, magrittr, methods, pak, pillar,
rmarkdown, testthat (>= 3.0.0), vctrs (>= 0.2.3), withr","winch","MIT + file LICENSE",NA,NA,NA,NA,"yes","4.1.0"
"rmarkdown","rmarkdown","/exports/chss/eddie/ppls/groups/Moorehdmlab/Andrew/library","2.11",NA,"R (>= 3.0)","tools, utils, knitr (>= 1.22), yaml (>= 2.1.19), htmltools (>=
0.3.5), evaluate (>= 0.13), jsonlite, tinytex (>= 0.31), xfun
(>= 0.21), jquerylib, methods, stringr (>= 1.2.0)",NA,"shiny (>= 1.6.0), tufte, testthat (>= 3.0.0), digest,
dygraphs, vctrs, tibble, fs, rsconnect, withr (>= 2.4.2), bslib
(>= 0.2.5.1), sass (>= 0.4.0)",NA,"GPL-3",NA,NA,NA,NA,"no","4.1.0"
"rmdfiltr","rmdfiltr","/exports/chss/eddie/ppls/groups/Moorehdmlab/Andrew/library","0.1.3",NA,NA,"assertthat (>= 0.2.1), utils, rmarkdown (>= 1.12)",NA,"dplyr (>= 0.8.0.1), ggplot2 (>= 3.0.0), knitr (>= 1.22),
spelling (>= 2.1), testthat (>= 2.0.0), tibble (>= 2.1.1)",NA,"MIT + file LICENSE",NA,NA,NA,NA,"no","4.1.0"
"rngtools","rngtools","/exports/chss/eddie/ppls/groups/Moorehdmlab/Andrew/library","1.5.2",NA,"R (>= 3.2.0), methods","digest, utils, stats, parallel",NA,"covr, RUnit, testthat",NA,"GPL-3",NA,NA,NA,NA,"no","4.1.0"
"roxygen2","roxygen2","/exports/chss/eddie/ppls/groups/Moorehdmlab/Andrew/library","7.1.2",NA,"R (>= 3.3)","brew, commonmark, desc (>= 1.2.0), digest, knitr, methods,
pkgload (>= 1.0.2), purrr (>= 0.3.3), R6 (>= 2.1.2), rlang,
stringi, stringr (>= 1.0.0), utils, xml2","cpp11","covr, devtools, rmarkdown, testthat (>= 2.1.0), R.methodsS3,
R.oo",NA,"MIT + file LICENSE",NA,NA,NA,NA,"yes","4.1.0"
"rprojroot","rprojroot","/exports/chss/eddie/ppls/groups/Moorehdmlab/Andrew/library","2.0.2",NA,"R (>= 3.0.0)",NA,NA,"covr, knitr, lifecycle, mockr, rmarkdown, testthat (>=
3.0.0), withr",NA,"MIT + file LICENSE",NA,NA,NA,NA,"no","4.1.0"
"rsconnect","rsconnect","/exports/chss/eddie/ppls/groups/Moorehdmlab/Andrew/library","0.8.24",NA,"R (>= 3.0.0)","curl, digest, jsonlite, openssl, packrat (>= 0.6), rstudioapi
(>= 0.5), yaml (>= 2.1.5)",NA,"RCurl, callr, httpuv, knitr, plumber (>= 0.3.2), reticulate,
rmarkdown (>= 1.1), shiny, sourcetools, testthat, xtable",NA,"GPL-2",NA,NA,NA,NA,"no","4.1.0"
"rstan","rstan","/exports/chss/eddie/ppls/groups/Moorehdmlab/Andrew/library","2.26.4",NA,"R (>= 3.4.0), StanHeaders (>= 2.26.4)","methods, stats4, inline (>= 0.3.19), gridExtra (>= 2.3), Rcpp
(>= 1.0.7), RcppParallel (>= 5.1.4), loo (>= 2.4.1), pkgbuild
(>= 1.2.0), V8 (>= 3.4.2), ggplot2 (>= 3.3.5)","Rcpp (>= 1.0.7), RcppEigen (>= 0.3.3.9.1), BH (>= 1.75.0-0),
StanHeaders (>= 2.26.4), RcppParallel (>= 5.1.4)","testthat (>= 3.0.4), parallel, KernSmooth, shinystan,
bayesplot, rmarkdown, rstantools, rstudioapi, Matrix, knitr",NA,"GPL (>=3)",NA,NA,NA,NA,"yes","4.1.0"
"rstantools","rstantools","/exports/chss/eddie/ppls/groups/Moorehdmlab/Andrew/library","2.1.1",NA,NA,"desc, stats, utils, Rcpp (>= 0.12.16), RcppParallel (>= 5.0.1)",NA,"rstan (>= 2.17.2), usethis (>= 1.5.1), testthat (>= 2.0.0),
knitr, pkgbuild, pkgload, roxygen2 (>= 6.0.1), rmarkdown,
rstudioapi",NA,"GPL (>= 3)",NA,NA,NA,NA,"no","4.1.0"
"rstatix","rstatix","/exports/chss/eddie/ppls/groups/Moorehdmlab/Andrew/library","0.7.0",NA,"R (>= 3.3.0)","stats, utils, tidyr (>= 1.0.0), purrr, broom (>= 0.7.4), rlang
(>= 0.3.1), tibble (>= 2.1.3), dplyr (>= 0.7.1), magrittr,
corrplot, tidyselect (>= 1.0.0), car, generics (>= 0.0.2)",NA,"knitr, rmarkdown, ggpubr, graphics, emmeans, coin, boot,
testthat, spelling",NA,"GPL-2",NA,NA,NA,NA,"no","4.1.0"
"rstudioapi","rstudioapi","/exports/chss/eddie/ppls/groups/Moorehdmlab/Andrew/library","0.13",NA,NA,NA,NA,"testthat, knitr, rmarkdown, clipr",NA,"MIT + file LICENSE",NA,NA,NA,NA,"no","4.1.0"
"rversions","rversions","/exports/chss/eddie/ppls/groups/Moorehdmlab/Andrew/library","2.1.1",NA,NA,"curl, utils, xml2 (>= 1.0.0)",NA,"mockery, testthat",NA,"MIT + file LICENSE",NA,NA,NA,NA,"no","4.1.0"
"rvest","rvest","/exports/chss/eddie/ppls/groups/Moorehdmlab/Andrew/library","1.0.2",NA,"R (>= 3.2)","httr (>= 0.5), lifecycle (>= 1.0.0), magrittr, rlang (>=
0.4.10), selectr, tibble, xml2 (>= 1.3)",NA,"covr, glue, knitr, readr, rmarkdown, repurrrsive, spelling,
stringi (>= 0.3.1), testthat (>= 3.0.2), webfakes",NA,"MIT + file LICENSE",NA,NA,NA,NA,"no","4.1.0"
"sass","sass","/exports/chss/eddie/ppls/groups/Moorehdmlab/Andrew/library","0.4.0",NA,NA,"fs, rlang (>= 0.4.10), htmltools (>= 0.5.1), R6, rappdirs",NA,"testthat, knitr, rmarkdown, withr, shiny, curl",NA,"MIT + file LICENSE",NA,NA,NA,NA,"yes","4.1.0"
"scales","scales","/exports/chss/eddie/ppls/groups/Moorehdmlab/Andrew/library","1.1.1",NA,"R (>= 3.2)","farver (>= 2.0.3), labeling, lifecycle, munsell (>= 0.5), R6,
RColorBrewer, viridisLite",NA,"bit64, covr, dichromat, ggplot2, hms (>= 0.5.0), testthat (>=
2.1.0)",NA,"MIT + file LICENSE",NA,NA,NA,NA,"no","4.1.0"
"selectr","selectr","/exports/chss/eddie/ppls/groups/Moorehdmlab/Andrew/library","0.4-2",NA,"R (>= 3.0)","methods, stringr, R6",NA,"testthat, XML, xml2",NA,"BSD_3_clause + file LICENCE",NA,NA,NA,NA,"no","4.1.0"
"sessioninfo","sessioninfo","/exports/chss/eddie/ppls/groups/Moorehdmlab/Andrew/library","1.2.1",NA,"R (>= 2.10)","cli (>= 3.1.0), tools, utils",NA,"callr, covr, mockery, reticulate, rmarkdown, testthat, withr",NA,"GPL-2",NA,NA,NA,NA,"no","4.1.0"
"shiny","shiny","/exports/chss/eddie/ppls/groups/Moorehdmlab/Andrew/library","1.7.1",NA,"R (>= 3.0.2), methods","utils, grDevices, httpuv (>= 1.5.2), mime (>= 0.3), jsonlite
(>= 0.9.16), xtable, fontawesome (>= 0.2.1), htmltools (>=
0.5.2), R6 (>= 2.0), sourcetools, later (>= 1.0.0), promises
(>= 1.1.0), tools, crayon, rlang (>= 0.4.10), fastmap (>=
1.1.0), withr, commonmark (>= 1.7), glue (>= 1.3.2), bslib (>=
0.3.0), cachem, ellipsis, lifecycle (>= 0.2.0)",NA,"datasets, Cairo (>= 1.5-5), testthat (>= 3.0.0), knitr (>=
1.6), markdown, rmarkdown, ggplot2, reactlog (>= 1.0.0),
magrittr, shinytest (>= 1.4.0.9003), yaml, future, dygraphs,
ragg, showtext, sass",NA,"GPL-3 | file LICENSE",NA,NA,NA,NA,"no","4.1.0"
"shinyjs","shinyjs","/exports/chss/eddie/ppls/groups/Moorehdmlab/Andrew/library","2.0.0",NA,"R (>= 3.1.0)","digest (>= 0.6.8), htmltools (>= 0.2.9), jsonlite, shiny (>=
1.0.0)",NA,"knitr (>= 1.7), rmarkdown, shinyAce, shinydisconnect,
testthat (>= 0.9.1)",NA,"MIT + file LICENSE",NA,NA,NA,NA,"no","4.1.0"
"shinystan","shinystan","/exports/chss/eddie/ppls/groups/Moorehdmlab/Andrew/library","2.5.0",NA,"R (>= 3.1.0), shiny (>= 1.0.3)","bayesplot (>= 1.5.0), colourpicker, DT (>= 0.2), dygraphs (>=
1.1.1.2), ggplot2 (>= 2.1.1), gridExtra, gtools, markdown (>=
0.7.4), methods, reshape2, rsconnect (>= 0.4.2), rstan (>=
2.17.1), stats, shinyjs (>= 0.6.0), shinythemes (>= 1.0.1),
threejs (>= 0.2.1), utils, xtable, xts (>= 0.9-7)",NA,"coda, knitr (>= 1.9), rmarkdown (>= 0.8.1), rstanarm (>=
2.17.4), testthat",NA,"GPL (>= 3)",NA,NA,NA,NA,"no","4.1.0"
"shinythemes","shinythemes","/exports/chss/eddie/ppls/groups/Moorehdmlab/Andrew/library","1.2.0",NA,"R (>= 3.0.0)","shiny (>= 0.11)",NA,NA,NA,"GPL-3 | file LICENSE",NA,NA,NA,NA,"no","4.1.0"
"sjlabelled","sjlabelled","/exports/chss/eddie/ppls/groups/Moorehdmlab/Andrew/library","1.1.8",NA,"R (>= 3.4)","insight (>= 0.7.0), stats, tools, utils",NA,"dplyr, haven (>= 1.1.2), magrittr, sjmisc, sjPlot, knitr,
rlang, rmarkdown, snakecase, testthat",NA,"GPL-3",NA,NA,NA,NA,"no","4.1.0"
"sjmisc","sjmisc","/exports/chss/eddie/ppls/groups/Moorehdmlab/Andrew/library","2.8.7",NA,"R (>= 3.4)","dplyr, insight, magrittr, methods, purrr, rlang, sjlabelled
(>= 1.1.1), stats, tidyselect, utils",NA,"ggplot2, graphics, haven (>= 2.0.0), mice, sjPlot, sjstats,
knitr, rmarkdown, stringdist, testthat, tidyr",NA,"GPL-3",NA,NA,NA,NA,"no","4.1.0"
"sjPlot","sjPlot","/exports/chss/eddie/ppls/groups/Moorehdmlab/Andrew/library","2.8.9",NA,"R (>= 3.6)","graphics, grDevices, stats, utils, bayestestR, datawizard,
dplyr, effectsize, ggeffects, ggplot2 (>= 3.2.0), knitr,
insight, MASS, parameters, performance, purrr, rlang, scales,
sjlabelled (>= 1.1.2), sjmisc (>= 2.8.2), sjstats (>= 0.17.8),
tidyr (>= 1.0.0)",NA,"brms, car, clubSandwich, cluster, cowplot, GPArotation,
ggrepel, glmmTMB, gridExtra, ggridges, httr, lme4, nFactors,
pscl, psych, rmarkdown, rstanarm, sandwich, survey, TMB,
testthat",NA,"GPL-3",NA,NA,NA,NA,"no","4.1.0"
"sjstats","sjstats","/exports/chss/eddie/ppls/groups/Moorehdmlab/Andrew/library","0.18.1",NA,"R (>= 3.5), utils","bayestestR, broom, dplyr, effectsize, emmeans, insight, lme4,
magrittr, MASS, modelr, parameters, performance, purrr, rlang,
sjlabelled, sjmisc, stats, tidyr",NA,"brms, car, coin, ggplot2, graphics, pscl, pwr, sjPlot,
survey, rstan, testthat",NA,"GPL-3",NA,NA,NA,NA,"no","4.1.0"
"sourcetools","sourcetools","/exports/chss/eddie/ppls/groups/Moorehdmlab/Andrew/library","0.1.7",NA,"R (>= 3.0.2)",NA,NA,"testthat",NA,"MIT + file LICENSE",NA,NA,NA,NA,"yes","4.1.0"
"sp","sp","/exports/chss/eddie/ppls/groups/Moorehdmlab/Andrew/library","1.4-5",NA,"R (>= 3.0.0), methods","utils, stats, graphics, grDevices, lattice, grid",NA,"RColorBrewer, rgdal (>= 1.2-3), rgeos (>= 0.3-13), gstat,
maptools, deldir",NA,"GPL (>= 2)",NA,NA,NA,NA,"yes","4.1.0"
"SparseM","SparseM","/exports/chss/eddie/ppls/groups/Moorehdmlab/Andrew/library","1.81",NA,"R (>= 2.15), methods","graphics, stats, utils",NA,NA,NA,"GPL (>= 2)",NA,NA,NA,NA,"yes","4.1.0"
"spatial","spatial","/exports/chss/eddie/ppls/groups/Moorehdmlab/Andrew/library","7.3-14","recommended","R (>= 3.0.0), graphics, stats, utils",NA,NA,"MASS",NA,"GPL-2 | GPL-3",NA,NA,NA,NA,"yes","4.1.0"
"SQUAREM","SQUAREM","/exports/chss/eddie/ppls/groups/Moorehdmlab/Andrew/library","2021.1",NA,"R (>= 3.0)",NA,NA,"setRNG",NA,"GPL (>= 2)",NA,NA,NA,NA,"no","4.1.0"
"StanHeaders","StanHeaders","/exports/chss/eddie/ppls/groups/Moorehdmlab/Andrew/library","2.26.4",NA,"R (>= 3.4.0)","RcppParallel (>= 5.1.4)","RcppEigen, RcppParallel (>= 5.1.4)","Rcpp, BH (>= 1.75.0-0), knitr (>= 1.36), rmarkdown, Matrix,
methods, rstan",NA,"BSD_3_clause + file LICENSE",NA,NA,NA,NA,"yes","4.1.0"
"stringi","stringi","/exports/chss/eddie/ppls/groups/Moorehdmlab/Andrew/library","1.7.5",NA,"R (>= 3.1)","tools, utils, stats",NA,NA,NA,"file LICENSE","yes",NA,NA,NA,"yes","4.1.0"
"stringr","stringr","/exports/chss/eddie/ppls/groups/Moorehdmlab/Andrew/library","1.4.0",NA,"R (>= 3.1)","glue (>= 1.2.0), magrittr, stringi (>= 1.1.7)",NA,"covr, htmltools, htmlwidgets, knitr, rmarkdown, testthat",NA,"GPL-2 | file LICENSE",NA,NA,NA,NA,"no","4.1.0"
"styler","styler","/exports/chss/eddie/ppls/groups/Moorehdmlab/Andrew/library","1.6.2",NA,NA,"backports (>= 1.1.0), cli (>= 1.1.0), glue, magrittr (>=
2.0.0), purrr (>= 0.2.3), R.cache (>= 0.15.0), rematch2 (>=
2.0.1), rlang (>= 0.1.1), rprojroot (>= 1.1), tibble (>=
1.4.2), tools, withr (>= 1.0.0), xfun (>= 0.1)",NA,"data.tree (>= 0.1.6), digest, dplyr, here, knitr, prettycode,
rmarkdown, roxygen2, rstudioapi (>= 0.7), testthat (>= 2.1.0)",NA,"MIT + file LICENSE",NA,NA,NA,NA,"no","4.1.0"
"survival","survival","/exports/chss/eddie/ppls/groups/Moorehdmlab/Andrew/library","3.2-13","recommended","R (>= 3.5.0)","graphics, Matrix, methods, splines, stats, utils",NA,NA,NA,"LGPL (>= 2)",NA,NA,NA,NA,"yes","4.1.0"
"svglite","svglite","/exports/chss/eddie/ppls/groups/Moorehdmlab/Andrew/library","2.0.0",NA,"R (>= 3.0.0)","systemfonts (>= 1.0.0)","cpp11, systemfonts","htmltools, testthat, xml2 (>= 1.0.0), covr, fontquiver (>=
0.2.0), knitr, rmarkdown",NA,"GPL (>= 2)",NA,NA,NA,NA,"yes","4.1.0"
"svgPanZoom","svgPanZoom","/exports/chss/eddie/ppls/groups/Moorehdmlab/Andrew/library","0.3.4",NA,"R (>= 3.1.2)","htmlwidgets (>= 0.3.2)",NA,"htmltools, svglite","gridSVG, knitr, XML, xml2","MIT + file LICENSE",NA,NA,NA,NA,"no","4.1.0"
"sylly","sylly","/exports/chss/eddie/ppls/groups/Moorehdmlab/Andrew/library","0.1-6",NA,"R (>= 3.0.0)","methods",NA,"testthat,knitr,rmarkdown,sylly.de,sylly.en,sylly.es",NA,"GPL (>= 3)",NA,NA,NA,NA,"no","4.1.0"
"sylly.en","sylly.en","/exports/chss/eddie/ppls/groups/Moorehdmlab/Andrew/library","0.1-3",NA,"R (>= 3.1),sylly",NA,NA,NA,NA,"GPL (>= 3)",NA,NA,NA,NA,"no","4.1.0"
"sys","sys","/exports/chss/eddie/ppls/groups/Moorehdmlab/Andrew/library","3.4",NA,NA,NA,NA,"unix (>= 1.4), spelling, testthat",NA,"MIT + file LICENSE",NA,NA,NA,NA,"yes","4.1.0"
"systemfonts","systemfonts","/exports/chss/eddie/ppls/groups/Moorehdmlab/Andrew/library","1.0.3",NA,"R (>= 3.2.0)",NA,"cpp11 (>= 0.2.1)","testthat (>= 2.1.0), covr, knitr, rmarkdown, tools",NA,"MIT + file LICENSE",NA,NA,NA,NA,"yes","4.1.0"
"tensorA","tensorA","/exports/chss/eddie/ppls/groups/Moorehdmlab/Andrew/library","0.36.2",NA,"R (>= 2.2.0), stats",NA,NA,NA,NA,"GPL (>= 2)",NA,NA,NA,NA,"yes","4.1.0"
"testthat","testthat","/exports/chss/eddie/ppls/groups/Moorehdmlab/Andrew/library","3.1.0",NA,"R (>= 3.1)","brio, callr (>= 3.5.1), cli (>= 2.2.0), crayon (>= 1.3.4),
desc, digest, ellipsis (>= 0.2.0), evaluate, jsonlite,
lifecycle, magrittr, methods, pkgload, praise, processx, ps (>=
1.3.4), R6 (>= 2.2.0), rlang (>= 0.4.9), utils, waldo (>=
0.2.4), withr (>= 2.3.0)",NA,"covr, curl (>= 0.9.5), diffviewer (>= 0.1.0), knitr, mockery,
rmarkdown, rstudioapi, shiny, usethis, vctrs (>= 0.1.0), xml2",NA,"MIT + file LICENSE",NA,NA,NA,NA,"yes","4.1.0"
"threejs","threejs","/exports/chss/eddie/ppls/groups/Moorehdmlab/Andrew/library","0.3.3",NA,"R (>= 3.0.0), igraph (>= 1.0.0)","htmlwidgets (>= 0.3.2), base64enc, crosstalk, methods, stats",NA,"maps","knitr, shiny","MIT + file LICENSE",NA,NA,NA,NA,"no","4.1.0"
"tibble","tibble","/exports/chss/eddie/ppls/groups/Moorehdmlab/Andrew/library","3.1.6",NA,"R (>= 3.1.0)","ellipsis (>= 0.3.2), fansi (>= 0.4.0), lifecycle (>= 1.0.0),
magrittr, methods, pillar (>= 1.6.2), pkgconfig, rlang (>=
0.4.3), utils, vctrs (>= 0.3.8)",NA,"bench, bit64, blob, brio, callr, cli, covr, crayon (>=
1.3.4), DiagrammeR, dplyr, evaluate, formattable, ggplot2, hms,
htmltools, knitr, lubridate, mockr, nycflights13, pkgbuild,
pkgload, purrr, rmarkdown, stringi, testthat (>= 3.0.2), tidyr,
withr",NA,"MIT + file LICENSE",NA,NA,NA,NA,"yes","4.1.0"
"tidyr","tidyr","/exports/chss/eddie/ppls/groups/Moorehdmlab/Andrew/library","1.1.4",NA,"R (>= 3.1)","dplyr (>= 0.8.2), ellipsis (>= 0.1.0), glue, lifecycle,
magrittr, purrr, rlang, tibble (>= 2.1.1), tidyselect (>=
1.1.0), utils, vctrs (>= 0.3.6)","cpp11 (>= 0.2.6)","covr, data.table, jsonlite, knitr, readr, repurrrsive (>=
1.0.0), rmarkdown, testthat (>= 3.0.0)",NA,"MIT + file LICENSE",NA,NA,NA,NA,"yes","4.1.0"
"tidyselect","tidyselect","/exports/chss/eddie/ppls/groups/Moorehdmlab/Andrew/library","1.1.1",NA,"R (>= 3.2)","ellipsis, glue (>= 1.3.0), purrr (>= 0.3.2), rlang (>= 0.4.6),
vctrs (>= 0.3.0)",NA,"covr, crayon, dplyr, knitr, magrittr, rmarkdown, testthat (>=
2.3.0), tibble (>= 2.1.3), withr",NA,"MIT + file LICENSE",NA,NA,NA,NA,"yes","4.1.0"
"tidyverse","tidyverse","/exports/chss/eddie/ppls/groups/Moorehdmlab/Andrew/library","1.3.1",NA,"R (>= 3.3)","broom (>= 0.7.6), cli (>= 2.4.0), crayon (>= 1.4.1), dbplyr
(>= 2.1.1), dplyr (>= 1.0.5), dtplyr (>= 1.1.0), forcats (>=
0.5.1), googledrive (>= 1.0.1), googlesheets4 (>= 0.3.0),
ggplot2 (>= 3.3.3), haven (>= 2.3.1), hms (>= 1.0.0), httr (>=
1.4.2), jsonlite (>= 1.7.2), lubridate (>= 1.7.10), magrittr
(>= 2.0.1), modelr (>= 0.1.8), pillar (>= 1.6.0), purrr (>=
0.3.4), readr (>= 1.4.0), readxl (>= 1.3.1), reprex (>= 2.0.0),
rlang (>= 0.4.10), rstudioapi (>= 0.13), rvest (>= 1.0.0),
stringr (>= 1.4.0), tibble (>= 3.1.0), tidyr (>= 1.1.3), xml2
(>= 1.3.2)",NA,"covr, feather, glue, knitr, rmarkdown, testthat",NA,"MIT + file LICENSE",NA,NA,NA,NA,"no","4.1.0"
"timeDate","timeDate","/exports/chss/eddie/ppls/groups/Moorehdmlab/Andrew/library","3043.102",NA,"R (>= 2.15.1), graphics, utils, stats, methods",NA,NA,"date, RUnit",NA,"GPL (>= 2)",NA,NA,NA,NA,"no","4.1.0"
"tinylabels","tinylabels","/exports/chss/eddie/ppls/groups/Moorehdmlab/Andrew/library","0.2.1",NA,NA,"stats",NA,"testthat, covr, vctrs, dplyr, knitr, rmarkdown",NA,"MIT + file LICENSE",NA,NA,NA,NA,"no","4.1.0"
"tinytex","tinytex","/exports/chss/eddie/ppls/groups/Moorehdmlab/Andrew/library","0.35",NA,NA,"xfun (>= 0.23)",NA,"testit, rstudioapi",NA,"MIT + file LICENSE",NA,NA,NA,NA,"no","4.1.0"
"tmvnsim","tmvnsim","/exports/chss/eddie/ppls/groups/Moorehdmlab/Andrew/library","1.0-2",NA,NA,NA,NA,NA,NA,"GPL-2",NA,NA,NA,NA,"yes","4.1.0"
"tzdb","tzdb","/exports/chss/eddie/ppls/groups/Moorehdmlab/Andrew/library","0.1.2",NA,"R (>= 3.3)",NA,"cpp11 (>= 0.2.7)","covr, testthat (>= 3.0.0)",NA,"MIT + file LICENSE",NA,NA,NA,NA,"yes","4.1.0"
"usethis","usethis","/exports/chss/eddie/ppls/groups/Moorehdmlab/Andrew/library","2.1.3",NA,"R (>= 3.4)","cli (>= 3.0.1), clipr (>= 0.3.0), crayon, curl (>= 2.7), desc
(>= 1.4.0), fs (>= 1.3.0), gert (>= 1.4.1), gh (>= 1.2.1), glue
(>= 1.3.0), jsonlite, lifecycle (>= 1.0.0), purrr, rappdirs,
rlang (>= 0.4.10), rprojroot (>= 1.2), rstudioapi, stats,
utils, whisker, withr (>= 2.3.0), yaml",NA,"covr, knitr, magick, mockr, pkgload, rmarkdown, roxygen2,
spelling (>= 1.2), styler (>= 1.2.0), testthat (>= 3.1.0)",NA,"MIT + file LICENSE",NA,NA,NA,NA,"no","4.1.0"
"utf8","utf8","/exports/chss/eddie/ppls/groups/Moorehdmlab/Andrew/library","1.2.2",NA,"R (>= 2.10)",NA,NA,"cli, covr, knitr, rlang, rmarkdown, testthat (>= 3.0.0),
withr",NA,"Apache License (== 2.0) | file LICENSE",NA,NA,NA,NA,"yes","4.1.0"
"uuid","uuid","/exports/chss/eddie/ppls/groups/Moorehdmlab/Andrew/library","1.0-3",NA,"R (>= 2.9.0)",NA,NA,NA,NA,"MIT + file LICENSE",NA,NA,NA,NA,"yes","4.1.0"
"V8","V8","/exports/chss/eddie/ppls/groups/Moorehdmlab/Andrew/library","3.5.0",NA,NA,"Rcpp (>= 0.12.12), jsonlite (>= 1.0), curl (>= 1.0), utils","Rcpp","testthat, knitr, rmarkdown",NA,"MIT + file LICENSE",NA,NA,NA,NA,"yes","4.1.0"
"vctrs","vctrs","/exports/chss/eddie/ppls/groups/Moorehdmlab/Andrew/library","0.3.8",NA,"R (>= 3.3)","ellipsis (>= 0.2.0), glue, rlang (>= 0.4.10)",NA,"bit64, covr, crayon, dplyr (>= 0.8.5), generics, knitr,
pillar (>= 1.4.4), pkgdown, rmarkdown, testthat (>= 2.3.0),
tibble, withr, xml2, waldo (>= 0.2.0), zeallot",NA,"MIT + file LICENSE",NA,NA,NA,NA,"yes","4.1.0"
"viridis","viridis","/exports/chss/eddie/ppls/groups/Moorehdmlab/Andrew/library","0.6.2",NA,"R (>= 2.10), viridisLite (>= 0.4.0)","stats, ggplot2 (>= 1.0.1), gridExtra",NA,"hexbin (>= 1.27.0), scales, MASS, knitr, dichromat,
colorspace, raster, rasterVis, httr, mapproj, vdiffr, svglite
(>= 1.2.0), testthat, covr, rmarkdown, rgdal, maps",NA,"MIT + file LICENSE",NA,NA,NA,NA,"no","4.1.0"
"viridisLite","viridisLite","/exports/chss/eddie/ppls/groups/Moorehdmlab/Andrew/library","0.4.0",NA,"R (>= 2.10)",NA,NA,"hexbin (>= 1.27.0), ggplot2 (>= 1.0.1), testthat, covr",NA,"MIT + file LICENSE",NA,NA,NA,NA,"no","4.1.0"
"visNetwork","visNetwork","/exports/chss/eddie/ppls/groups/Moorehdmlab/Andrew/library","2.1.0",NA,"R (>= 3.0)","htmlwidgets, htmltools, jsonlite, magrittr, utils, methods,
grDevices, stats",NA,"knitr, rmarkdown, webshot, igraph, rpart, shiny,
shinyWidgets, colourpicker, sparkline, ggraph, tidygraph,
flashClust",NA,"MIT + file LICENSE",NA,NA,NA,NA,"no","4.1.0"
"vroom","vroom","/exports/chss/eddie/ppls/groups/Moorehdmlab/Andrew/library","1.5.5",NA,"R (>= 3.1)","bit64, crayon, cli, glue, hms, lifecycle, methods, rlang (>=
0.4.2), stats, tibble (>= 2.0.0), tzdb (>= 0.1.1), vctrs (>=
0.2.0), tidyselect, withr","progress (>= 1.2.1), cpp11 (>= 0.2.0), tzdb (>= 0.1.1)","archive, bench (>= 1.1.0), covr, curl, dplyr, forcats, fs,
ggplot2, knitr, patchwork, prettyunits, purrr, rmarkdown,
rstudioapi, scales, spelling, testthat (>= 2.1.0), tidyr,
waldo, xml2",NA,"MIT + file LICENSE",NA,NA,NA,NA,"yes","4.1.0"
"webshot","webshot","/exports/chss/eddie/ppls/groups/Moorehdmlab/Andrew/library","0.5.2",NA,"R (>= 3.0)","magrittr, jsonlite, callr",NA,"httpuv, knitr, rmarkdown, shiny",NA,"GPL-2",NA,NA,NA,NA,"no","4.1.0"
"whisker","whisker","/exports/chss/eddie/ppls/groups/Moorehdmlab/Andrew/library","0.4",NA,NA,NA,NA,"markdown",NA,"GPL-3",NA,NA,NA,NA,"no","4.1.0"
"withr","withr","/exports/chss/eddie/ppls/groups/Moorehdmlab/Andrew/library","2.4.2",NA,"R (>= 3.2.0)","graphics, grDevices, stats",NA,"covr, DBI, knitr, lattice, methods, rmarkdown, RSQLite,
testthat (>= 2.1.0)",NA,"MIT + file LICENSE",NA,NA,NA,NA,"no","4.1.0"
"xfun","xfun","/exports/chss/eddie/ppls/groups/Moorehdmlab/Andrew/library","0.28",NA,NA,"stats, tools",NA,"testit, parallel, codetools, rstudioapi, tinytex (>= 0.30),
mime, markdown, knitr, htmltools, remotes, pak, rhub, renv,
curl, jsonlite, rmarkdown",NA,"MIT + file LICENSE",NA,NA,NA,NA,"yes","4.1.0"
"xml2","xml2","/exports/chss/eddie/ppls/groups/Moorehdmlab/Andrew/library","1.3.2",NA,"R (>= 3.1.0)","methods",NA,"covr, curl, httr, knitr, magrittr, mockery, rmarkdown,
testthat (>= 2.1.0)",NA,"GPL (>= 2)",NA,NA,NA,NA,"yes","4.1.0"
"xmlparsedata","xmlparsedata","/exports/chss/eddie/ppls/groups/Moorehdmlab/Andrew/library","1.0.5",NA,"R (>= 3.0.0)",NA,NA,"covr, testthat, xml2",NA,"MIT + file LICENSE",NA,NA,NA,NA,"no","4.1.0"
"xopen","xopen","/exports/chss/eddie/ppls/groups/Moorehdmlab/Andrew/library","1.0.0",NA,"R (>= 3.1)","processx",NA,"ps, testthat",NA,"MIT + file LICENSE",NA,NA,NA,NA,"no","4.1.0"
"xtable","xtable","/exports/chss/eddie/ppls/groups/Moorehdmlab/Andrew/library","1.8-6",NA,"R (>= 2.10.0)","stats, utils, methods",NA,"knitr, spatialreg, spdep, splm, sphet, plm, zoo, survival,
glue",NA,"GPL (>= 2)",NA,NA,NA,NA,"no","4.1.0"
"xts","xts","/exports/chss/eddie/ppls/groups/Moorehdmlab/Andrew/library","0.12.1",NA,"zoo (>= 1.7-12)","methods","zoo","timeSeries, timeDate, tseries, chron, fts, tis, RUnit",NA,"GPL (>= 2)",NA,NA,NA,NA,"yes","4.1.0"
"yaml","yaml","/exports/chss/eddie/ppls/groups/Moorehdmlab/Andrew/library","2.2.1",NA,NA,NA,NA,"RUnit",NA,"BSD_3_clause + file LICENSE",NA,NA,NA,NA,"yes","4.1.0"
"zip","zip","/exports/chss/eddie/ppls/groups/Moorehdmlab/Andrew/library","2.2.0",NA,NA,NA,NA,"covr, processx, R6, testthat, withr",NA,"MIT + file LICENSE",NA,NA,NA,NA,"yes","4.1.0"
"zoo","zoo","/exports/chss/eddie/ppls/groups/Moorehdmlab/Andrew/library","1.8-10",NA,"R (>= 3.1.0), stats","utils, graphics, grDevices, lattice (>= 0.20-27)",NA,"AER, coda, chron, fts, ggplot2 (>= 3.0.0), mondate, scales,
stinepack, strucchange, timeDate, timeSeries, tis, tseries, xts",NA,"GPL-2 | GPL-3",NA,NA,NA,NA,"yes","4.1.0"
"base","base","/gpfs/igmmfs01/software/pkg/el7/apps/R/4.1.0/lib64/R/library","4.1.0","base",NA,NA,NA,"methods",NA,"Part of R 4.1.0",NA,NA,NA,NA,NA,"4.1.0"
"boot.1","boot","/gpfs/igmmfs01/software/pkg/el7/apps/R/4.1.0/lib64/R/library","1.3-28","recommended","R (>= 3.0.0), graphics, stats",NA,NA,"MASS, survival",NA,"Unlimited",NA,NA,NA,NA,"no","4.1.0"
"class.1","class","/gpfs/igmmfs01/software/pkg/el7/apps/R/4.1.0/lib64/R/library","7.3-19","recommended","R (>= 3.0.0), stats, utils","MASS",NA,NA,NA,"GPL-2 | GPL-3",NA,NA,NA,NA,"yes","4.1.0"
"cluster.1","cluster","/gpfs/igmmfs01/software/pkg/el7/apps/R/4.1.0/lib64/R/library","2.1.2","recommended","R (>= 3.4.0)","graphics, grDevices, stats, utils",NA,"MASS, Matrix",NA,"GPL (>= 2)",NA,NA,NA,NA,"yes","4.1.0"
"codetools.1","codetools","/gpfs/igmmfs01/software/pkg/el7/apps/R/4.1.0/lib64/R/library","0.2-18","recommended","R (>= 2.1)",NA,NA,NA,NA,"GPL",NA,NA,NA,NA,"no","4.1.0"
"compiler","compiler","/gpfs/igmmfs01/software/pkg/el7/apps/R/4.1.0/lib64/R/library","4.1.0","base",NA,NA,NA,NA,NA,"Part of R 4.1.0",NA,NA,NA,NA,NA,"4.1.0"
"datasets","datasets","/gpfs/igmmfs01/software/pkg/el7/apps/R/4.1.0/lib64/R/library","4.1.0","base",NA,NA,NA,NA,NA,"Part of R 4.1.0",NA,NA,NA,NA,NA,"4.1.0"
"foreign.1","foreign","/gpfs/igmmfs01/software/pkg/el7/apps/R/4.1.0/lib64/R/library","0.8-81","recommended","R (>= 4.0.0)","methods, utils, stats",NA,NA,NA,"GPL (>= 2)",NA,NA,NA,NA,"yes","4.1.0"
"graphics","graphics","/gpfs/igmmfs01/software/pkg/el7/apps/R/4.1.0/lib64/R/library","4.1.0","base",NA,"grDevices",NA,NA,NA,"Part of R 4.1.0",NA,NA,NA,NA,"yes","4.1.0"
"grDevices","grDevices","/gpfs/igmmfs01/software/pkg/el7/apps/R/4.1.0/lib64/R/library","4.1.0","base",NA,NA,NA,"KernSmooth",NA,"Part of R 4.1.0",NA,NA,NA,NA,"yes","4.1.0"
"grid","grid","/gpfs/igmmfs01/software/pkg/el7/apps/R/4.1.0/lib64/R/library","4.1.0","base",NA,"grDevices, utils",NA,"lattice",NA,"Part of R 4.1.0",NA,NA,NA,NA,"yes","4.1.0"
"KernSmooth.1","KernSmooth","/gpfs/igmmfs01/software/pkg/el7/apps/R/4.1.0/lib64/R/library","2.23-20","recommended","R (>= 2.5.0), stats",NA,NA,"MASS, carData",NA,"Unlimited",NA,NA,NA,NA,"yes","4.1.0"
"lattice","lattice","/gpfs/igmmfs01/software/pkg/el7/apps/R/4.1.0/lib64/R/library","0.20-44","recommended","R (>= 3.0.0)","grid, grDevices, graphics, stats, utils",NA,"KernSmooth, MASS, latticeExtra","chron","GPL (>= 2)",NA,NA,NA,NA,"yes","4.1.0"
"MASS.1","MASS","/gpfs/igmmfs01/software/pkg/el7/apps/R/4.1.0/lib64/R/library","7.3-54","recommended","R (>= 3.3.0), grDevices, graphics, stats, utils","methods",NA,"lattice, nlme, nnet, survival",NA,"GPL-2 | GPL-3",NA,NA,NA,NA,"yes","4.1.0"
"Matrix.1","Matrix","/gpfs/igmmfs01/software/pkg/el7/apps/R/4.1.0/lib64/R/library","1.3-3","recommended","R (>= 3.5.0)","methods, graphics, grid, stats, utils, lattice",NA,"expm, MASS","MatrixModels, graph, SparseM, sfsmisc, igraph, maptools, sp,
spdep","GPL (>= 2) | file LICENCE",NA,NA,NA,NA,"yes","4.1.0"
"methods","methods","/gpfs/igmmfs01/software/pkg/el7/apps/R/4.1.0/lib64/R/library","4.1.0","base",NA,"utils, stats",NA,"codetools",NA,"Part of R 4.1.0",NA,NA,NA,NA,"yes","4.1.0"
"mgcv.1","mgcv","/gpfs/igmmfs01/software/pkg/el7/apps/R/4.1.0/lib64/R/library","1.8-35","recommended","R (>= 3.6.0), nlme (>= 3.1-64)","methods, stats, graphics, Matrix, splines, utils",NA,"parallel, survival, MASS",NA,"GPL (>= 2)",NA,NA,NA,NA,"yes","4.1.0"
"nlme","nlme","/gpfs/igmmfs01/software/pkg/el7/apps/R/4.1.0/lib64/R/library","3.1-152","recommended","R (>= 3.4.0)","graphics, stats, utils, lattice",NA,"Hmisc, MASS",NA,"GPL (>= 2) | file LICENCE",NA,NA,NA,NA,"yes","4.1.0"
"nnet.1","nnet","/gpfs/igmmfs01/software/pkg/el7/apps/R/4.1.0/lib64/R/library","7.3-16","recommended","R (>= 3.0.0), stats, utils",NA,NA,"MASS",NA,"GPL-2 | GPL-3",NA,NA,NA,NA,"yes","4.1.0"
"parallel","parallel","/gpfs/igmmfs01/software/pkg/el7/apps/R/4.1.0/lib64/R/library","4.1.0","base",NA,"tools, compiler",NA,"methods","snow, nws, Rmpi","Part of R 4.1.0",NA,NA,NA,NA,"yes","4.1.0"
"rpart","rpart","/gpfs/igmmfs01/software/pkg/el7/apps/R/4.1.0/lib64/R/library","4.1-15","recommended","R (>= 2.15.0), graphics, stats, grDevices",NA,NA,"survival",NA,"GPL-2 | GPL-3",NA,NA,NA,NA,"yes","4.1.0"
"spatial.1","spatial","/gpfs/igmmfs01/software/pkg/el7/apps/R/4.1.0/lib64/R/library","7.3-14","recommended","R (>= 3.0.0), graphics, stats, utils",NA,NA,"MASS",NA,"GPL-2 | GPL-3",NA,NA,NA,NA,"yes","4.1.0"
"splines","splines","/gpfs/igmmfs01/software/pkg/el7/apps/R/4.1.0/lib64/R/library","4.1.0","base",NA,"graphics, stats",NA,"Matrix, methods",NA,"Part of R 4.1.0",NA,NA,NA,NA,"yes","4.1.0"
"stats","stats","/gpfs/igmmfs01/software/pkg/el7/apps/R/4.1.0/lib64/R/library","4.1.0","base",NA,"utils, grDevices, graphics",NA,"MASS, Matrix, SuppDists, methods, stats4",NA,"Part of R 4.1.0",NA,NA,NA,NA,"yes","4.1.0"
"stats4","stats4","/gpfs/igmmfs01/software/pkg/el7/apps/R/4.1.0/lib64/R/library","4.1.0","base",NA,"graphics, methods, stats",NA,NA,NA,"Part of R 4.1.0",NA,NA,NA,NA,NA,"4.1.0"
"survival.1","survival","/gpfs/igmmfs01/software/pkg/el7/apps/R/4.1.0/lib64/R/library","3.2-11","recommended","R (>= 3.5.0)","graphics, Matrix, methods, splines, stats, utils",NA,NA,NA,"LGPL (>= 2)",NA,NA,NA,NA,"yes","4.1.0"
"tcltk","tcltk","/gpfs/igmmfs01/software/pkg/el7/apps/R/4.1.0/lib64/R/library","4.1.0","base",NA,"utils",NA,NA,NA,"Part of R 4.1.0",NA,NA,NA,NA,"yes","4.1.0"
"tools","tools","/gpfs/igmmfs01/software/pkg/el7/apps/R/4.1.0/lib64/R/library","4.1.0","base",NA,NA,NA,"codetools, methods, xml2, curl, commonmark",NA,"Part of R 4.1.0",NA,NA,NA,NA,"yes","4.1.0"
"utils","utils","/gpfs/igmmfs01/software/pkg/el7/apps/R/4.1.0/lib64/R/library","4.1.0","base",NA,NA,NA,"methods, xml2, commonmark",NA,"Part of R 4.1.0",NA,NA,NA,NA,"yes","4.1.0"
